# es	en	fa
Cuentan las historias de los primeros habitantes de Mesoamérica, que en el periodo anterior a la llegada del dios Quetzalcóatl, los aztecas sobrevivían alimentándose únicamente de las raíces y de los animales que cazaban.	The stories of the first inhabitants of Mesoamerica tell that in the period before the arrival of the god Quetzalcoatl, the aztecas survived by eating only the roots and the animals they hunted.	در داستان‌های نخستین ساکنان میان‌آمریکا آمده است که در دورهٔ پیش از آمدن خدای کرتزالکواتل، آزتک‌ها تنها با ریشه‌ها و جانورانی که شکار می‌کردند زنده می‌ماندند.
Según las historias de los primeros habitantes de Mesoamérica, ¿quiénes sobrevivían alimentándose de las raíces y de los animales que cazaban?	According to the stories of the first inhabitants of Mesoamerica, who survived by eating the roots and the animals they hunted?	بر اساس داستان‌های نخستین ساکنان میان‌آمریکا، چه کسانی با خوردن ریشه‌ها و جانورانی که شکار می‌کردند زنده می‌ماندند؟
los aztecas	the aztecas	آزتک‌ها
los mayas	the mayas	مایاها
los olmecas	the olmecans	اولمک‌ها
los toltecas	the toltecs	تولتک‌ها
¿En qué periodo sobrevivían los aztecas alimentándose únicamente de las raíces y de los animales que cazaban?	In what period did the aztecas survive by eating only the roots and the animals they hunted?	آزتک‌ها در چه دوره‌ای تنها با ریشه‌ها و جانورانی که شکار می‌کردند زنده می‌ماندند؟
en el periodo anterior a la llegada del dios Quetzalcóatl	in the period before the arrival of the god Quetzalcoatl	در دورهٔ پیش از آمدن خدای کرتزالکواتل
en el periodo posterior a la conquista española	in the period after the Spanish conquest	در دورهٔ پس از فتح اسپانیایی
durante la construcción de los grandes templos	during the construction of the great temples	در جریان ساخت معابد بزرگ
en los años de la fundación de las ciudades	in the years of the founding of the cities	در سال‌های بنای شهرها
¿De qué dios se menciona la llegada según el texto?	The arrival of which god does the text mention?	متن از آمدن کدام خدا سخن می‌گوید؟
Quetzalcóatl	Quetzalcoatl	کرتزالکواتل
Tláloc	Tlaloc	تلالوک
Huitzilopochtli	Huitzilopochtli	ویویتزیلوپوچتلی
Tezcatlipoca	Tezcatlipoca	تزکاتلیپوکا
¿De qué se alimentaban únicamente los aztecas según el texto?	According to the text, what did the aztecas eat exclusively?	بر اساس متن، آزتک‌ها فقط از چه چیزی تغذیه می‌کردند؟
de las raíces y de los animales que cazaban	the roots and the animals they hunted	ریشه‌ها و جانورانی که شکار می‌کردند
de los peces de los ríos y de los lagos	the fish from the rivers and lakes	ماهی‌های رودها و دریاچه‌ها
del maíz que cultivaban en los valles	the corn they grew in the valleys	ذرتی که در دره‌ها می‌کاشتند
de las frutas que recogían en la selva	the fruit they gathered in the jungle	میوه‌هایی که در جنگل جمع می‌کردند
Además de las raíces, ¿de qué se alimentaban los aztecas?	Besides the roots, what did the aztecas eat?	جز ریشه‌ها، آزتک‌ها از چه چیزی تغذیه می‌کردند؟
de los animales que cazaban	the animals they hunted	جانورانی که شکار می‌کردند
de los peces que pescaban en el mar	the fish they caught in the sea	ماهی‌هایی که در دریا صید می‌کردند
de las aves que criaban en sus casas	the birds they raised in their homes	پرندگانی که در خانه‌هایشان پرورش می‌دادند
de los insectos que recogían del suelo	the insects they gathered from the ground	حشراتی که از روی زمین برمی‌داشتند
Además de los animales que cazaban, ¿qué más comían los aztecas?	Besides the animals they hunted, what else did the aztecas eat?	جز جانورانی که شکار می‌کردند، آزتک‌ها چه چیز دیگری می‌خوردند؟
las raíces	the roots	ریشه‌ها
las frutas	the fruit	میوه‌ها
los pescados	the fish	ماهی‌ها
los cereales	the cereals	غلات
¿Qué hacían los aztecas antes de la llegada del dios Quetzalcóatl?	What did the aztecas do before the arrival of the god Quetzalcoatl?	آزتک‌ها پیش از آمدن خدای کرتزالکواتل چه کار می‌کردند؟
sobrevivían alimentándose únicamente de las raíces y de los animales que cazaban	survived by eating only the roots and the animals they hunted	تنها با ریشه‌ها و جانورانی که شکار می‌کردند زنده می‌ماندند
construían grandes ciudades y palacios	they built great cities and palaces	شهرها و کاخ‌های بزرگ می‌ساختند
comerciaban con los pueblos vecinos	they traded with neighboring peoples	با مردمان همسایه بازرگانی می‌کردند
cultivaban maíz en las montañas	they grew corn in the mountains	در کوه‌ها ذرت می‌کاشتند
¿De quiénes eran las historias que cuentan lo sucedido según el texto?	According to the text, whose stories tell what happened?	بر اساس متن، داستان‌هایی که آنچه رخ داد را روایت می‌کنند از چه کسانی بود؟
de los primeros habitantes de Mesoamérica	of the first inhabitants of Mesoamerica	نخستین ساکنان میان‌آمریکا
de los conquistadores españoles	of the Spanish conquistadors	فاتحان اسپانیایی
de los sacerdotes de los grandes templos	of the priests of the great temples	کاهنان معابد بزرگ
de los comerciantes de la costa	of the merchants of the coast	بازرگانان ساحل
¿Dónde vivían los primeros habitantes que mencionan las historias?	Where did the first inhabitants mentioned by the stories live?	نخستین ساکنانی که داستان‌ها از آن‌ها یاد می‌کنند کجا زندگی می‌کردند؟
Mesoamérica	Mesoamerica	میان‌آمریکا
en el desierto del norte	in the desert of the north	در صحرای شمال
en las islas del mar Caribe	on the islands of the Caribbean Sea	در جزایر دریای کارائیب
en las montañas del sur	in the mountains of the south	در کوه‌های جنوب
Ellos no tenían el maíz, pues este cereal tan alimenticio, estaba escondido detrás de las montañas y ellos no tenían acceso a él. Los antiguos dioses trataron de obtenerlo e intentaron separar las montañas con su colosal fuerza, pero no lo lograron, así que los aztecas pidieron ayuda al dios Quezalcóatl.	They did not have corn, since this very nutritious cereal was hidden behind the mountains and they had no access to it. The ancient gods tried to obtain it and attempted to split the mountains apart with their colossal strength, but they did not manage it, so the aztecas asked the god Quetzalcoatl for help.	آنها ذرت نداشتند، زیرا این غلهٔ بسیار مقوی پشت کوه‌ها پنهان بود و آنها به آن دسترسی نداشتند. خدایان باستان کوشیدند آن را به دست آورند و خواستند کوه‌ها را از هم باز کنند اما با زور عظیمشان به نتیجه نرسیدند، بنابراین آزتک‌ها از خدای کرتزالکواتل یاری خواستند.
¿Qué no tenían los aztecas según el texto?	What did the aztecas not have according to the text?	بر اساس متن، آزتک‌ها چه چیزی نداشتند؟
el maíz	corn	ذرت
el agua de los ríos	the water of the rivers	آب رودها
el fuego de los hogares	the fire of the homes	آتش خانه‌ها
las tierras de cultivo	the farmlands	زمین‌های کشت
¿Dónde estaba escondido el maíz?	Where was the corn hidden?	ذرت کجا پنهان شده بود؟
detrás de las montañas	behind the mountains	پشت کوه‌ها
en el fondo de un lago	at the bottom of a lake	در ته یک دریاچه
dentro de una cueva profunda	inside a deep cave	درون یک غار عمیق
en una isla rodeada de mar	on an island surrounded by sea	در جزیره‌ای که دریا احاطه کرده بود
¿Cómo describe el texto al maíz?	How does the text describe the corn?	متن ذرت را چگونه توصیف می‌کند؟
este cereal tan alimenticio	this very nutritious cereal	این غلهٔ بسیار مقوی
una planta pequeña y amarga	a small and bitter plant	گیاهی کوچک و تلخ
un fruto dulce de la selva	a sweet fruit of the jungle	میوه‌ای شیرین از جنگل
una semilla difícil de cultivar	a seed that is hard to grow	دانه‌ای که کشتش دشوار است
¿Quiénes trataron de obtener el maíz?	Who tried to obtain the corn?	چه کسانی کوشیدند ذرت را به دست آورند؟
Los antiguos dioses	The ancient gods	خدایان باستان
Los sacerdotes del templo	The priests of the temple	کاهنان معبد
Los animales de la selva	The animals of the jungle	جانوران جنگل
Los guerreros aztecas	The aztec warriors	جنگجویان آزتک
¿Qué intentaron hacer los antiguos dioses?	What did the ancient gods try to do?	خدایان باستان چه کاری را انجام دادند؟
separar las montañas	split the mountains apart	کوه‌ها را از هم باز کنند
abrir un camino hasta el mar	open a path to the sea	راهی به دریا بگشایند
construir un puente sobre el valle	build a bridge over the valley	پلی بر دره بسازند
cavar un túnel bajo la tierra	dig a tunnel under the ground	تونلی زیر زمین بکنند
¿Con qué intentaron separar las montañas los antiguos dioses?	With what did the ancient gods try to split the mountains?	خدایان باستان با چه چیزی خواستند کوه‌ها را از هم باز کنند؟
con su colosal fuerza	with their colossal strength	با زور عظیمشان
con la ayuda de los aztecas	with the help of the aztecas	با یاری آزتک‌ها
con un rayo enviado del cielo	with a lightning bolt sent from the sky	با صاعقه‌ای که از آسمان فرستاده شود
con los hechizos de los sacerdotes	with the spells of the priests	با افسون کاهنان
¿Cómo era la fuerza de los antiguos dioses?	How was the strength of the ancient gods?	قدرت خدایان باستان چگونه بود؟
colosal	colossal	عظیم
limitada	limited	محدود
escasa	scarce	کم
común	ordinary	معمولی
¿Lograron los antiguos dioses separar las montañas?	Did the ancient gods manage to split the mountains?	آیا خدایان باستان توانستند کوه‌ها را از هم باز کنند؟
no lo lograron	they did not manage it	به نتیجه نرسیدند
sí, lo lograron en un solo intento	yes, they managed it in a single attempt	بله، در یک تلاش موفق شدند
sí, lo lograron tras muchos años	yes, they managed it after many years	بله، پس از سال‌ها موفق شدند
sí, lo lograron con ayuda de los aztecas	yes, they managed it with the help of the aztecas	بله، با یاری آزتک‌ها موفق شدند
¿A quién pidieron ayuda los aztecas?	Who did the aztecas ask for help?	آزتک‌ها از چه کسی یاری خواستند؟
al dios Quezalcóatl	the god Quetzalcoatl	خدای کرتزالکواتل
al dios de la lluvia	the god of rain	خدای باران
a los antiguos dioses	the ancient gods	خدایان باستان
a un sabio de la aldea	a sage of the village	پیر دانا روستا
¿Quiénes pidieron ayuda al dios Quezalcóatl?	Who asked the god Quetzalcoatl for help?	چه کسی از خدای کرتزالکواتل یاری خواست؟
los antiguos dioses	the ancient gods	خدایان باستان
los primeros sacerdotes	the first priests	نخستین کاهنان
los animales del bosque	the animals of the forest	جانوران جنگل
¿Por qué los aztecas no tenían el maíz?	Why did the aztecas not have the corn?	چرا آزتک‌ها ذرت نداشتند؟
pues este cereal tan alimenticio, estaba escondido detrás de las montañas y ellos no tenían acceso a él	since this very nutritious cereal was hidden behind the mountains and they had no access to it	زیرا این غلهٔ بسیار مقوی پشت کوه‌ها پنهان بود و آنها به آن دسترسی نداشتند
porque los dioses se lo habían robado	because the gods had stolen it	زیرا خدایان آن را دزدیده بودند
porque las cosechas se habían secado	because the harvests had dried up	زیرا محصولات خشکیده بود
porque se lo habían comido los animales	because the animals had eaten it	زیرا جانوران آن را خورده بودند
El maíz estaba escondido detrás de las montañas. ¿Qué no tenían los aztecas al maíz?	The corn was hidden behind the mountains. What did the aztecas not have to the corn?	ذرت پشت کوه‌ها پنهان بود. آزتک‌ها چه چیزی نسبت به ذرت نداشتند؟
acceso	access	دسترسی
miedo de buscarlo	fear of looking for it	ترس از جستوجویش
interés en encontrarlo	interest in finding it	علاقه‌ای برای یافتنش
permiso de los dioses	permission of the gods	اجازهٔ خدایان
¿Qué hicieron los antiguos dioses con el maíz antes de intentar separar las montañas?	What did the ancient gods do with the corn before trying to split the mountains?	خدایان باستان پیش از آنکه بکوشند کوه‌ها را از هم باز کنند، با ذرت چه کردند؟
trataron de obtenerlo	tried to obtain it	کوشیدند آن را به دست آورند
lo sembraron en el valle	they sowed it in the valley	آن را در دره کاشتند
lo escondieron aún más	they hid it even more	آن را بیشتر پنهان کردند
lo abandonaron para siempre	they abandoned it forever	آن را برای همیشه رها کردند
Quezalcóatl no quiso emplear la fuerza, sino la inteligencia y la astucia, y se transformó en una hormiga negra. Decidió dirigirse a las montañas acompañado de una hormiga roja, dispuesto a conseguir el maíz para su pueblo.	Quetzalcoatl did not want to use strength, but intelligence and cunning, and he transformed himself into a black ant. He decided to head to the mountains accompanied by a red ant, ready to get the corn for his people.	کرتزالکواتل نخواست از زور استفاده کند، بلکه از هوش و حیله بهره برد و خود را به مورچه‌ای سیاه بدل کرد. تصمیم گرفت همراه مورچه‌ای سرخ به سوی کوه‌ها برود، آمادهٔ آنکه ذرت را برای مردمش به دست آورد.
¿Qué no quiso emplear Quezalcóatl?	What did Quetzalcoatl not want to use?	کرتزالکواتل نخواست از چه چیزی استفاده کند؟
la fuerza	strength	زور
la magia de los sacerdotes	the magic of the priests	جادوی کاهنان
la ayuda de otros dioses	the help of other gods	یاری خدایان دیگر
el poder de las montañas	the power of the mountains	قدرت کوه‌ها
¿Qué quiso emplear Quezalcóatl en lugar de la fuerza?	What did Quetzalcoatl want to use instead of strength?	کرتزالکواتل به‌جای زور از چه چیزی می‌خواست استفاده کند؟
la inteligencia y la astucia	intelligence and cunning	هوش و حیله
la magia y los hechizos	magic and spells	جادو و افسون
la velocidad y el sigilo	speed and stealth	سرعت و پنهان‌کاری
la paciencia y el silencio	patience and silence	صبر و سکوت
¿En qué se transformó Quezalcóatl?	What did Quetzalcoatl turn into?	کرتزالکواتل به چه چیزی بدل شد؟
en una hormiga negra	into a black ant	به مورچه‌ای سیاه
en un águila real	into a golden eagle	به عقاب طلایی
en un jaguar negro	into a black jaguar	به جگوار سیاه
en una serpiente pequeña	into a small snake	به مار کوچک
¿De qué color era la hormiga en que se transformó Quezalcóatl?	What color was the ant that Quetzalcoatl turned into?	مورچه‌ای که کرتزالکواتل به آن بدل شد چه رنگی بود؟
negra	black	سیاه
roja	red	سرخ
dorada	golden	طلایی
verde	green	سبز
¿Quién acompañó a Quezalcóatl hacia las montañas?	Who accompanied Quetzalcoatl to the mountains?	چه کسی کرتزالکواتل را به سوی کوه‌ها همراهی کرد؟
una hormiga roja	a red ant	مورچه‌ای سرخ
una hormiga negra	a black ant	مورچه‌ای سیاه
un ave de rapiña	a bird of prey	پرندهٔ شکاری
otro dios antiguo	another ancient god	خدای باستان دیگر
¿Hacia dónde decidió dirigirse Quezalcóatl?	Where did Quetzalcoatl decide to go?	کرتزالکواتل تصمیم گرفت به کجا برود؟
a las montañas	to the mountains	به سوی کوه‌ها
hacia el mar	towards the sea	به سوی دریا
hacia el valle	towards the valley	به سوی دره
hacia la selva	towards the jungle	به سوی جنگل
¿Qué estaba dispuesto a conseguir Quezalcóatl?	What was Quetzalcoatl ready to get?	کرتزالکواتل آمادهٔ به دست آوردن چه چیزی بود؟
un nuevo templo	a new temple	معبدی تازه
la fuerza de los dioses	the strength of the gods	قدرت خدایان
¿Para quién quería conseguir el maíz Quezalcóatl?	For whom did Quetzalcoatl want to get the corn?	کرتزالکواتل ذرت را برای چه کسی می‌خواست به دست آورد؟
para su pueblo	for his people	برای مردمش
para los antiguos dioses	for the ancient gods	برای خدایان باستان
para su familia	for his family	برای خانواده‌اش
para los sacerdotes del templo	for the priests of the temple	برای کاهنان معبد
¿Qué decidió hacer Quezalcóatl después de transformarse?	What did Quetzalcoatl decide to do after transforming himself?	کرتزالکواتل پس از بدل شدن چه کرد؟
dirigirse a las montañas acompañado de una hormiga roja	head to the mountains accompanied by a red ant	همراه مورچه‌ای سرخ به سوی کوه‌ها برود
regresar al templo de los dioses	return to the temple of the gods	به معبد خدایان بازگردد
cruzar el valle hasta el mar	cross the valley to the sea	از دره بگذرد و به دریا برسد
esperar la ayuda de su pueblo	wait for the help of his people	منتظر یاری مردمش بماند
Tras mucho esfuerzo y sin perder el ánimo, Quezalcóatl subió las montañas y cuando llegó a su destino, tomó entre sus mandíbulas un grano maduro de maíz e inició el duro regreso. Al llegar entregó el prometido grano de maíz a los hambrientos indígenas que plantaron la semilla, y desde entonces, tuvieron maíz para alimentarse.	After much effort and without losing spirit, Quetzalcoatl climbed the mountains and when he reached his destination, he took a ripe grain of corn between his jaws and began the hard return. On arriving he handed the promised grain of corn to the hungry natives, who planted the seed, and from then on they had corn to feed themselves.	پس از رنج بسیار و بی‌آنکه امیدش را از دست ندهد، کرتزالکواتل کوه‌ها را بالا رفت و هنگامی که به مقصد رسید، دانهٔ رسیدهٔ ذرت را میان فک‌هایش گرفت و بازگشت دشوار را آغاز کرد. هنگام رسیدن، دانهٔ وعده‌داده‌شدهٔ ذرت را به بومیان گرسنه داد که دانه را کاشتند، و از آن پس، ذرت برای تغذیه داشتند.
¿Qué subió Quezalcóatl tras mucho esfuerzo?	What did Quetzalcoatl climb after much effort?	کرتزالکواتل پس از رنج بسیار چه چیزی را بالا رفت؟
las montañas	the mountains	کوه‌ها
los muros del templo	the walls of the temple	دیوارهای معبد
las escaleras de piedra	the stone stairways	پله‌های سنگی
las colinas del valle	the hills of the valley	تپه‌های دره
¿Cómo hizo Quezalcóatl la subida de las montañas?	How did Quetzalcoatl make the climb up the mountains?	کرتزالکواتل بالا رفتن از کوه‌ها را چگونه انجام داد؟
Tras mucho esfuerzo y sin perder el ánimo	After much effort and without losing spirit	پس از رنج بسیار و بی‌آنکه امیدش را از دست ندهد
con miedo y con muchas dudas	with fear and many doubts	با ترس و تردیدهای بسیار
con rapidez y sin descanso	with speed and without rest	با سرعت و بدون استراحت
con la ayuda de los antiguos dioses	with the help of the ancient gods	با یاری خدایان باستان
¿Qué no perdió Quezalcóatl durante el mucho esfuerzo?	What did Quetzalcoatl not lose during the much effort?	کرتزالکواتل در آن رنج بسیار چه چیزی را از دست نداد؟
el ánimo	spirit	امید
el camino	the path	راه
la vida	the life	جان
¿Qué tomó Quezalcóatl cuando llegó a su destino?	What did Quetzalcoatl take when he reached his destination?	کرتزالکواتل هنگام رسیدن به مقصد چه چیزی برداشت؟
un grano maduro de maíz	a ripe grain of corn	دانهٔ رسیدهٔ ذرت
una espiga seca de trigo	a dry ear of wheat	خوشهٔ خشک گندم
una semilla verde de frijol	a green bean seed	دانهٔ سبز لوبیا
una fruta dulce de la montaña	a sweet fruit of the mountain	میوهٔ شیرین کوه
¿Entre qué tomó Quezalcóatl el grano de maíz?	Between what did Quetzalcoatl take the grain of corn?	کرتزالکواتل دانهٔ ذرت را میان چه چیزی گرفت؟
entre sus mandíbulas	between his jaws	میان فک‌هایش
entre sus patas	between his legs	میان پاهایش
sobre su lomo	on his back	پشت کمرش
con sus alas	with his wings	با بال‌هایش
¿Cómo estaba el grano de maíz que tomó Quezalcóatl?	How was the grain of corn that Quetzalcoatl took?	دانهٔ ذرتی که کرتزالکواتل برداشت چگونه بود؟
maduro	ripe	رسیده
seco	dry	خشک
podrido	rotten	پوسیده
¿Qué inició Quezalcóatl después de tomar el grano?	What did Quetzalcoatl begin after taking the grain?	کرتزالکواتل پس از برداشتن دانه چه چیزی را آغاز کرد؟
el duro regreso	the hard return	بازگشت دشوار
el largo descanso	the long rest	استراحت طولانی
el rápido ataque	the swift attack	حملهٔ سریع
el triste final	the sad ending	پایان اندوهبار
¿Cómo describe el texto el regreso de Quezalcóatl?	How does the text describe the return of Quetzalcoatl?	متن بازگشت کرتزالکواتل را چگونه توصیف می‌کند؟
duro	hard	دشوار
fácil	easy	آسان
corto	short	کوتاه
tranquilo	calm	آرام
¿Qué entregó Quezalcóatl al llegar?	What did Quetzalcoatl hand over on arriving?	کرتزالکواتل هنگام رسیدن چه چیزی داد؟
el prometido grano de maíz	the promised grain of corn	دانهٔ وعده‌داده‌شدهٔ ذرت
el tesoro de las montañas	the treasure of the mountains	گنج کوه‌ها
la semilla de los dioses	the seed of the gods	دانهٔ خدایان
el agua prometida	the promised water	آب وعده‌داده‌شده
¿A quiénes entregó Quezalcóatl el grano de maíz?	To whom did Quetzalcoatl hand the grain of corn?	کرتزالکواتل دانهٔ ذرت را به چه کسانی داد؟
a los hambrientos indígenas	to the hungry natives	به بومیان گرسنه
a los sacerdotes del templo	to the priests of the temple	به کاهنان معبد
a los jefes de las montañas	to the chiefs of the mountains	به رؤسای کوه‌ها
¿Cómo estaban los indígenas que recibieron el grano?	How were the natives who received the grain?	بومیانی که دانه را دریافت کردند چگونه بودند؟
hambrientos	hungry	گرسنه
enfermos	sick	بیمار
cansados	tired	خسته
temerosos	frightened	ترسان
¿Qué hicieron los indígenas con la semilla?	What did the natives do with the seed?	بومیان با دانه چه کردند؟
plantaron la semilla	planted the seed	دانه را کاشتند
la guardaron en un templo	they kept it in a temple	آن را در معبد نگه داشتند
la molieron entre piedras	they ground it between stones	آن را میان سنگ‌ها آسیاب کردند
la escondieron bajo tierra	they hid it under the ground	آن را زیر زمین پنهان کردند
¿Qué tuvieron los indígenas desde entonces?	What did the natives have from then on?	بومیان از آن پس چه چیزی داشتند؟
maíz para alimentarse	corn to feed themselves	ذرت برای تغذیه
oro para comerciar	cattle to trade	گاوی برای دادوستد
armas para defenderse	weapons to defend themselves	سلاحی برای دفاع از خود
tierras para construir	lands to build	زمینی برای ساختن
¿Quién entregó el prometido grano de maíz a los hambrientos indígenas?	Who handed the promised grain of corn to the hungry natives?	چه کسی دانهٔ وعده‌داده‌شدهٔ ذرت را به بومیان گرسنه داد؟
Quezalcóatl	Quetzalcoatl	کرتزالکواتل
La hormiga roja	The red ant	مورچهٔ سرخ
Un antiguo dios	An ancient god	خدای باستان
Un sacerdote azteca	An aztec priest	کاهن آزتک
El preciado grano, aumentó sus riquezas, y se volvieron más fuertes, construyeron ciudades, palacios, templos… Y desde entonces vivieron felices.	The prized grain increased their wealth, and they became stronger; they built cities, palaces, temples… And from then on they lived happily.	آن دانهٔ ارزشمند ثروتشان را افزایش داد و نیرومندتر شدند؛ شهرها، کاخ‌ها و معابد ساختند… و از آن پس شاد زیستند.
¿Qué aumentó el preciado grano?	What did the prized grain increase?	آن دانهٔ ارزشمند چه چیزی را افزایش داد؟
sus riquezas	their wealth	ثروتشان
sus deudas	their debts	بدهی‌هایشان
sus tierras	their lands	زمین‌هایشان
sus guerras	their wars	جنگ‌هایشان
¿Cómo se volvieron los pueblos gracias al grano?	How did the peoples become thanks to the grain?	مردم به‌واسطهٔ آن دانه چگونه شدند؟
más fuertes	stronger	نیرومندتر
más sabios	wiser	خردمندتر
más temidos	more feared	باابهت‌تر
más tranquilos	calmier	آرام‌تر
¿Qué construyeron los pueblos?	What did the peoples build?	مردم چه چیزی ساختند؟
ciudades, palacios, templos	cities, palaces, temples	شهرها، کاخ‌ها و معابد
barcos, puentes, caminos	ships, bridges, roads	کشتی، پل و جاده
casas, mercados, pozos	houses, markets, wells	خانه، بازار و چاه
torres, murallas, fosos	towers, walls, moats	برج، دیوار و پرتگاه
¿Cómo vivieron los pueblos desde entonces?	How did the peoples live from then on?	مردم از آن پس چگونه زیستند؟
felices	happily	شاد
tristes	sadly	اندوهگین
asustados	frightened	ترسان
¿Qué palabra usa el texto para referirse al grano?	What word does the text use for the grain?	متن برای آن دانه از چه واژه‌ای استفاده می‌کند؟
preciado	prized	ارزشمند
escondido	hidden	پنهان
prometido	promised	وعده‌داده‌شده
¿Desde cuándo vivieron felices los pueblos?	Since when did the peoples live happily?	مردم از چه زمانی شاد زیستند؟
desde entonces	from then on	از آن پس
desde la llegada de los antiguos dioses	since the arrival of the ancient gods	از زمان آمدن خدایان باستان
desde mucho antes del maíz	since long before the corn	از بسیار پیش از ذرت
desde el final de las guerras	since the end of the wars	از پایان جنگ‌ها
Y a partir de ese momento, los aztecas veneraron al generoso Quetzalcóatl, el dios amigo de los hombres, el dios que les trajo el maíz.	And from that moment on, the aztecas worshipped the generous Quetzalcoatl, the god who is friend of men, the god who brought them the corn.	و از آن لحظه به بعد، آزتک‌ها کرتزالکواتل بخشنده را پرستیدند؛ خدایی که دوستِ مردمان بود و خدایی که ذرت را برایشان آورد.
¿A quién veneraron los aztecas?	Who did the aztecas worship?	آزتک‌ها چه کسی را پرستیدند؟
al generoso Quetzalcóatl	the generous Quetzalcoatl	کرتزالکواتل بخشنده
a la hormiga roja	the red ant	مورچهٔ سرخ
¿Quiénes veneraron a Quetzalcóatl a partir de ese momento?	Who worshipped Quetzalcoatl from that moment on?	از آن لحظه به بعد چه کسی کرتزالکواتل را پرستید؟
¿Cómo llama el texto a Quetzalcóatl en este párrafo?	What does the text call Quetzalcoatl in this paragraph?	متن در این بند کرتزالکواتل را چگونه می‌خواند؟
generoso	generous	بخشنده
valiente	brave	شجاع
sabio	wise	خردمند
temible	fearsome	هراس‌آور
¿De quiénes era amigo Quetzalcóatl según el texto?	Whose friend was Quetzalcoatl according to the text?	کرتزالکواتل بر اساس متن دوستِ چه کسانی بود؟
de los hombres	of men	مردمان
de los animales	of the animals	جانوران
de los otros dioses	of the other gods	خدایان دیگر
de los niños	of the children	کودکان
¿Qué les trajo Quetzalcóatl según el texto?	What did Quetzalcoatl bring them according to the text?	بر اساس متن، کرتزالکواتل چه چیزی برایشان آورد؟
la lluvia	the rain	باران
el fuego	the fire	آتش
la sabiduría	the wisdom	خرد
¿Desde cuándo veneraron los aztecas a Quetzalcóatl?	Since when did the aztecas worship Quetzalcoatl?	آزتک‌ها از چه زمانی کرتزالکواتل را پرستیدند؟
a partir de ese momento	from that moment on	از آن لحظه به بعد
desde siempre	since always	از همیشه
antes de su llegada	before his arrival	پیش از آمدنش
tras la conquista	after the conquest	پس از فتح
El majestuoso balcón natural del Sumidero tuvo como origen un largo proceso de fallas geológicas. Tiene un alto valor ecológico y cuenta con 21,789 hectáreas en cinco municipios del estado de Chiapas, a pocos kilómetros de su capital, Tuxtla Gutiérrez.	The majestic natural balcony of the Sumidero had as its origin a long process of geological faults. It has a high ecological value and counts 21,789 hectares in five municipalities of the state of Chiapas, a few kilometers from its capital, Tuxtla Gutiérrez.	بالکن طبیعی باشکوه سامیدرو از فرایندی طولانی از گسل‌های زمین‌شناختی پدید آمد. این منطقه ارزش اکولوژیکی بالایی دارد و 21,789 هکتار در پنج شهرستان ایالت چیائاس را در بر می‌گیرد، در فاصلهٔ چند کیلومتری از مرکز آن، توکسلا گوتیرس.
¿Qué tuvo como origen un largo proceso de fallas geológicas?	What had as its origin a long process of geological faults?	چه چیزی ریشه در فرایندی طولانی از گسل‌های زمین‌شناختی داشت؟
El majestuoso balcón natural del Sumidero	The majestic natural balcony of the Sumidero	بالکن طبیعی باشکوه سامیدرو
La presa hidroeléctrica de Chicoasén	The Chicoasén hydroelectric dam	سد آبی‌الکتریک چیواسن
El embalse de treinta y dos kilómetros	The reservoir of thirty-two kilometers	ذخیرهٔ آبی سی و دو کیلومتری
La selva de los alrededores	The jungle of the surroundings	جنگل اطراف
¿Qué tuvo como origen el majestuoso balcón natural del Sumidero?	What did the majestic natural balcony of the Sumidero have as its origin?	بالکن طبیعی باشکوه سامیدرو چه چیزی را سرآغاز داشت؟
un largo proceso de fallas geológicas	a long process of geological faults	فرایندی طولانی از گسل‌های زمین‌شناختی
el impacto de un enorme meteorito	the impact of a huge meteorite	برخورد شهاب‌سنگی بزرگ
las erupciones de un antiguo volcán	the eruptions of an ancient volcano	فوران‌های آتشفشان باستانی
la fuerza de un río subterráneo	the force of an underground river	نیروی رودی زیرزمینی
¿Cómo fue el proceso de fallas geológicas?	How was the process of geological faults?	فرایند گسل‌های زمین‌شناختی چگونه بود؟
largo	long	طولانی
rápido	quick	سریع
reciente	recent	اخیر
¿Qué tipo de valor tiene el Sumidero?	What kind of value does the Sumidero have?	سامیدرو چه نوع ارزشی دارد؟
un alto valor ecológico	a high ecological value	ارزش اکولوژیکی بالایی دارد
un alto valor comercial	a high commercial value	ارزش تجاری بالایی دارد
un alto valor histórico	a high historical value	ارزش تاریخی بالایی دارد
un alto valor minero	a high mining value	ارزش معدنی بالایی دارد
¿Con cuántas hectáreas cuenta el Sumidero?	How many hectares does the Sumidero have?	سامیدرو چند هکتار وسعت دارد؟
21,789 hectáreas	21,789 hectares	21,789 هکتار
12,500 hectáreas	12,500 hectares	12,500 هکتار
31,789 hectáreas	31,789 hectares	31,789 هکتار
21,798 hectáreas	21,798 hectares	21,798 هکتار
¿En cuántos municipios se encuentra el Sumidero?	In how many municipalities is the Sumidero located?	سامیدرو در چند شهرستان قرار دارد؟
en cinco municipios	in five municipalities	در پنج شهرستان
en tres municipios	in three municipalities	در سه شهرستان
en siete municipios	in seven municipalities	در هفت شهرستان
en diez municipios	in ten municipalities	در ده شهرستان
¿De qué estado son los cinco municipios donde se encuentra el Sumidero?	The five municipalities where the Sumidero is located belong to which state?	آن پنج شهرستانی که سامیدرو در آن‌ها قرار دارد متعلق به کدام ایالت است؟
del estado de Chiapas	of the state of Chiapas	ایالت چیائاس
del estado de Oaxaca	of the state of Oaxaca	ایالت واخاکا
del estado de Tabasco	of the state of Tabasco	ایالت تاباسکو
del estado de Veracruz	of the state of Veracruz	ایالت وراکروز
¿Cuál es la capital de Chiapas según el texto?	What is the capital of Chiapas according to the text?	بر اساس متن، مرکز ایالت چیائاس کدام است؟
Tuxtla Gutiérrez	Tuxtla Gutiérrez	توکسلا گوتیرس
San Cristóbal de las Casas	San Cristóbal de las Casas	سان کریستوبال د لاس کاساس
Chiapa de Corzo	Chiapa de Corzo	چیآپا د کورسو
Comitán	Comitán	کومیتان
¿A qué distancia de la capital Tuxtla Gutiérrez se encuentra el Sumidero?	How far from the capital Tuxtla Gutiérrez is the Sumidero?	سامیدرو در چه فاصله‌ای از توکسلا گوتیرس، مرکز ایالت، قرار دارد؟
a pocos kilómetros	a few kilometers	چند کیلومتر
a muchos kilómetros	many kilometers	کیلومترهای بسیار
a más de cien kilómetros	more than a hundred kilometers	بیش از صد کیلومتر
a miles de kilómetros	thousands of kilometers	هزاران کیلومتر
¿Cómo describe el texto al balcón natural del Sumidero?	How does the text describe the natural balcony of the Sumidero?	متن بالکن طبیعی سامیدرو را چگونه توصیف می‌کند؟
majestuoso	majestic	باشکوه
pequeño	small	کوچک
moderno	modern	مدرن
El cañón consiste en un imponente acantilado que se eleva sobre el cauce del río Grijalva. Sus muros, que alcanzan los más de 1000 metros de altura, se han convertido en uno de los paisajes más impresionantes de México, nominado desde hace tiempo para ser una de las Siete Nuevas Maravillas Naturales.	The canyon consists of an imposing cliff that rises above the bed of the Grijalva river. Its walls, which reach more than 1000 meters in height, have become one of the most impressive landscapes of Mexico, nominated for some time to be one of the Seven New Natural Wonders.	این دره از یک صخرهٔ باشکوه تشکیل شده که بر بستر رودخانهٔ گریهالوا بلند می‌شود. دیوارهای آن که به بیش از 1000 متر ارتفاع می‌رسند، به یکی از چشم‌اندازهای چشمگیر مکزیک تبدیل شده‌اند و از مدتی پیش نامزد آن هستند که یکی از هفت شگفتی جدید طبیعت باشد.
¿En qué consiste el cañón?	What does the canyon consist of?	این دره از چه چیزی تشکیل شده است؟
en un imponente acantilado	an imposing cliff	صخرهٔ باشکوه
en una caverna profunda	a deep cavern	غار عمیقی
en una gran cascada	a large waterfall	آبشار بزرگی
en un valle extenso	a wide valley	درهٔ وسیعی
¿Sobre qué se eleva el imponente acantilado?	What does the imposing cliff rise above?	آن صخرهٔ باشکوه بر چه چیزی بلند می‌شود؟
sobre el cauce del río Grijalva	above the bed of the Grijalva river	بر بستر رودخانهٔ گریهالوا
sobre el manto de la selva	above the canopy of the jungle	بر پوشش جنگل
sobre las aguas de un lago	above the waters of a lake	بر آب‌های دریاچه‌ای
sobre la ciudad cercana	above the nearby city	بر شهر نزدیک
¿Sobre el cauce de qué río se eleva el acantilado?	The cliff rises above the bed of which river?	صخره بر بستر کدام رودخانه بلند می‌شود؟
del río Grijalva	of the Grijalva river	رودخانهٔ گریهالوا
del río Usumacinta	of the Usumacinta river	رودخانهٔ اوسوماتسینتا
del río Coatzacoalcos	of the Coatzacoalcos river	رودخانهٔ کوتزاکواکوس
del río Papaloapan	of the Papaloapan river	رودخانهٔ پاپالوآپان
¿Qué altura alcanzan los muros del cañón?	What height do the walls of the canyon reach?	دیوارهای دره به چه ارتفاعی می‌رسند؟
los más de 1000 metros de altura	more than 1000 meters in height	بیش از 1000 متر ارتفاع
los más de 500 metros de altura	more than 500 meters in height	بیش از 500 متر ارتفاع
los más de 2000 metros de altura	more than 2000 meters in height	بیش از 2000 متر ارتفاع
los más de 300 metros de altura	more than 300 meters in height	بیش از 300 متر ارتفاع
¿Qué alcanzan los más de 1000 metros de altura?	What reach more than 1000 meters in height?	چه چیزی به بیش از 1000 متر ارتفاع می‌رسد؟
Sus muros	Its walls	دیوارهای آن
Las montañas cercanas	The nearby mountains	کوه‌های نزدیک
Los árboles de la selva	The trees of the jungle	درختان جنگل
Las torres de la presa	The towers of the dam	برج‌های سد
¿En qué se han convertido los muros del cañón?	What have the walls of the canyon become?	دیوارهای دره به چه چیزی تبدیل شده‌اند؟
en uno de los paisajes más impresionantes de México	one of the most impressive landscapes of Mexico	یکی از چشم‌اندازهای چشمگیر مکزیک
en uno de los lugares más visitados del mundo	one of the most visited places in the world	یکی از پربازدیدترین جاهای جهان
en uno de los parques más grandes del país	one of the largest parks in the country	یکی از بزرگ‌ترین پارک‌های کشور
en uno de los sitios más peligrosos de la región	one of the most dangerous sites in the region	یکی از خطرناک‌ترین نقاط منطقه
¿De qué país es uno de los paisajes más impresionantes el cañón?	The canyon is one of the most impressive landscapes of which country?	دره یکی از چشم‌اندازهای چشمگیر کدام کشور است؟
de México	of Mexico	مکزیک
de Guatemala	of Guatemala	گواتمالا
de Belice	of Belize	بلیز
de Honduras	of Honduras	هندوراس
¿Para qué está nominado el cañón desde hace tiempo?	What has the canyon been nominated for?	این دره برای چه چیزی نامزد شده است؟
para ser una de las Siete Nuevas Maravillas Naturales	to be one of the Seven New Natural Wonders	یکی از هفت شگفتی جدید طبیعت باشد
para ser Patrimonio de la Humanidad	to be World Heritage	میراث جهانی باشد
para ser una reserva natural protegida	to be a protected nature reserve	ذخیره‌گاه طبیعی محافظت‌شده باشد
para ser un santuario ecológico	to be an ecological sanctuary	پناهگاه اکولوژیکی باشد
¿Desde hace cuánto tiempo está nominado el cañón?	For how long has the canyon been nominated?	از چه زمانی این دره نامزد شده است؟
desde hace tiempo	for some time	از مدتی پیش
desde hace poco	for a short time	از مدتی کوتاه
desde el siglo pasado	since the last century	از قرن گذشته
desde este año	since this year	از امسال
¿Cómo es el acantilado según el texto?	How is the cliff according to the text?	صخره بر اساس متن چگونه است؟
imponente	imposing	باشکوه
erosionado	eroded	فرسایش‌یافته
redondeado	rounded	گرد
¿Cómo son los paisajes que forman los muros del cañón?	How are the landscapes formed by the walls of the canyon?	چشم‌اندازهایی که دیوارهای دره ساخته‌اند چگونه‌اند؟
impresionantes	impressive	چشمگیر
escondidos	hidden	پنهان
comunes	ordinary	معمولی
áridos	arid	خشک
Según el texto, ¿qué consiste en un imponente acantilado que se eleva sobre el cauce del río Grijalva?	According to the text, what consists of an imposing cliff that rises above the bed of the Grijalva river?	بر اساس متن، چه چیزی از صخره‌ای باشکوه که بر بستر رودخانهٔ گریهالوا بلند می‌شود تشکیل شده است؟
El cañón	The canyon	این دره
El parque	The park	این پارک
La presa	The dam	این سد
El embalse	The reservoir	این ذخیرهٔ آبی
La luz y el calor sobre las paredes del acantilado, así como sus abundantes escurrimientos han propiciado el surgimiento de varios microclimas en la vegetación y fauna en diferentes alturas del cañón. Algunas de sus especies endémicas (exclusivas de esta zona) son la salamandra Lengua Hongueada, la cuija Mexicana, el chupaflor Canelo, el sapo Jaspeado, la mojarra de Chiapa de Corzo y el encino Enano.	The light and heat on the walls of the cliff, as well as its abundant runoff, have fostered the emergence of several microclimates in the vegetation and fauna at different heights of the canyon. Some of its endemic species (exclusive to this area) are the Fungus-tongued Salamander, the Mexican milk snake, the Canelo hummingbird, the Jasper toad, the mojarra of Chiapa de Corzo and the Dwarf oak.	نور و گرما بر دیواره‌های صخره، و نیز رواناب‌های فراوان آن، بستر پدید آمدن چند اقلیم خُرد را در پوشش گیاهی و جانوری در ارتفاع‌های گوناگون دره فراهم کرده‌اند. برخی از گونه‌های بومی آن (ویژهٔ همین منطقه) سیم‌کفوی زبان قارچی، مار شیری مکزیکی، مگس‌خوار کانلو، قورباغهٔ جاسپر، ماهی موخارا در چیآپا د کورسو و بلوط کوتوله است.
¿Qué ha propiciado el surgimiento de varios microclimas?	What has fostered the emergence of several microclimates?	چه چیزی بستر پدید آمدن چند اقلیم خُرد را فراهم کرده است؟
La luz y el calor sobre las paredes del acantilado	The light and heat on the walls of the cliff	نور و گرما بر دیواره‌های صخره
Las lluvias y los vientos del valle	The rains and winds of the valley	باران‌ها و بادهای دره
Las sombras y el fresco de las cuevas	The shadows and cool of the caves	سایه‌ها و خنکی غارها
Las nieves y los hielos de las cumbres	The snows and ices of the summits	برف و یخ قله‌ها
¿Sobre qué están la luz y el calor?	What are the light and heat on?	نور و گرما بر چه چیزی است؟
sobre las paredes del acantilado	on the walls of the cliff	بر دیواره‌های صخره
sobre las aguas del río	on the waters of the river	بر آب‌های رودخانه
sobre las copas de los árboles	on the treetops	بر نوک درختان
sobre las laderas de la montaña	on the slopes of the mountain	بر دامنه‌های کوه
Además de la luz y el calor, ¿qué ha propiciado los microclimas?	Besides the light and heat, what has fostered the microclimates?	جز نور و گرما، چه چیزی اقلیم‌های خُرد را فراهم کرده است؟
sus abundantes escurrimientos	its abundant runoff	رواناب‌های فراوان آن
sus fuertes vientos de temporada	its strong seasonal winds	بادهای شدید فصلی آن
sus manantiales subterráneos	its underground springs	چشمه‌های زیرزمینی آن
sus lluvias frecuentes	its frequent rains	باران‌های مکرر آن
¿Cómo son los escurrimientos del acantilado?	How are the runoff of the cliff?	رواناب‌های صخره چگونه‌اند؟
abundantes	abundant	فراوان
escasos	scarce	کم
temporales	seasonal	فصلی
sucios	dirty	کثیف
¿Qué han propiciado la luz, el calor y los escurrimientos?	What have the light, the heat and the runoff fostered?	نور، گرما و رواناب‌ها چه چیزی را فراهم کرده‌اند؟
el surgimiento de varios microclimas	the emergence of several microclimates	پدید آمدن چند اقلیم خُرد
la erosión de las paredes	the erosion of the walls	فرسایش دیواره‌ها
la formación de nuevas cuevas	the formation of new caves	تشکیل غارهای تازه
el secado de la vegetación	the drying of the vegetation	خشک شدن پوشش گیاهی
¿En qué han surgido varios microclimas?	In what have several microclimates emerged?	چند اقلیم خُرد در چه چیزی پدید آمده‌اند؟
en la vegetación y fauna	in the vegetation and fauna	در پوشش گیاهی و جانوری
en los ríos y los lagos	in the rivers and lakes	در رودخانه‌ها و دریاچه‌ها
en los suelos y las rocas	in the soils and rocks	در خاک‌ها و سنگ‌ها
en las nubes y los vientos	in the clouds and winds	در ابرها و بادها
¿En qué alturas del cañón hay varios microclimas?	At what heights of the canyon are there several microclimates?	در چه ارتفاع‌هایی از دره چند اقلیم خُرد وجود دارد؟
en diferentes alturas del cañón	at different heights of the canyon	در ارتفاع‌های گوناگون دره
en el fondo del río	at the bottom of the river	در کف رودخانه
en los pueblos cercanos	in the nearby villages	در روستاهای نزدیک
en la cima únicamente	only at the top	فقط در قله
¿Cómo llama el texto a las especies exclusivas de esta zona?	What does the text call the species exclusive to this area?	متن گونه‌های ویژهٔ همین منطقه را چه می‌خواند؟
especies endémicas	endemic species	گونه‌های بومی
especies migratorias	migratory species	گونه‌های مهاجر
especies protegidas	protected species	گونه‌های حفاظت‌شده
especies marinas	marine species	گونه‌های دریایی
Según el texto, ¿qué significa endémicas?	According to the text, what does endemic mean?	بر اساس متن، «بومی» یعنی چه؟
exclusivas de esta zona	exclusive to this area	ویژهٔ همین منطقه
en peligro de extinción	in danger of extinction	در معرض خطر انقراض
propias de climas cálidos	typical of warm climates	مختص آب‌وهوای گرم
originarias de los ríos	originating from the rivers	زادهٔ رودخانه‌ها
¿Qué salamandra endémica menciona el texto?	Which endemic salamander does the text mention?	متن کدام سیم‌کفوی بومی را ذکر می‌کند؟
la salamandra Lengua Hongueada	the Fungus-tongued Salamander	سیم‌کفوی زبان قارچی
la salamandra ajolote	the axolotl salamander	سیم‌کفوی آکسولوتل
la salamandra moteada	the spotted salamander	سیم‌کفوی خال‌دار
la salamandra verde	the green salamander	سیم‌کفوی سبز
¿Qué cuija endémica menciona el texto?	Which endemic cuija does the text mention?	متن کدام کویخای بومی را ذکر می‌کند؟
la cuija Mexicana	the Mexican milk snake	مار شیری مکزیکی
la cuija gris	the gray cuija	کویخای خاکستری
la cuija moteada	the spotted cuija	کویخای خال‌دار
la cuija de la selva	the cuija of the jungle	کویخای جنگل
¿Qué chupaflor endémico menciona el texto?	Which endemic hummingbird does the text mention?	متن کدام مگس‌خوار بومی را ذکر می‌کند؟
el chupaflor Canelo	the Canelo hummingbird	مگس‌خوار کانلو
el chupaflor rojo	the red hummingbird	مگس‌خوار سرخ
el chupaflor esmeralda	the emerald hummingbird	مگس‌خوار زمردین
el chupaflor azul	the blue hummingbird	مگس‌خوار آبی
¿Qué sapo endémico menciona el texto?	Which endemic toad does the text mention?	متن کدام قورباغهٔ بومی را ذکر می‌کند؟
el sapo Jaspeado	the Jasper toad	قورباغهٔ جاسپر
el sapo común	the common toad	قورباغهٔ معمولی
el sapo verde	the green toad	قورباغهٔ سبز
el sapo gigante	the giant toad	قورباغهٔ غول‌پیکر
¿Qué mojarra endémica menciona el texto?	Which endemic mojarra does the text mention?	متن کدام ماهی موخارای بومی را ذکر می‌کند؟
la mojarra de Chiapa de Corzo	the mojarra of Chiapa de Corzo	ماهی موخارا در چیآپا د کورسو
la mojarra del Usumacinta	the mojarra of the Usumacinta	ماهی موخارای اوسوماتسینتا
la mojarra del Grijalva	the mojarra of the Grijalva	ماهی موخارای گریهالوا
la mojarra de Tuxtla	the mojarra of Tuxtla	ماهی موخارای توکسلا
¿Qué encino endémico menciona el texto?	Which endemic oak does the text mention?	متن کدام بلوط بومی را ذکر می‌کند؟
el encino Enano	the Dwarf oak	بلوط کوتوله
el encino blanco	the white oak	بلوط سفید
el encino rojo	the red oak	بلوط سرخ
el encino gigante	the giant oak	بلوط غول‌پیکر
¿Cuál de estas plantas enumera el texto como especie endémica?	Which of these plants does the text list as an endemic species?	کدام یک از این گیاهان در متن به‌عنوان گونهٔ بومی آمده است؟
la ceiba	the ceiba	سبا
el cedro	the cedar	سدر
la caoba	the mahogany	ماهگونی
¿En diferentes qué del cañón hay varios microclimas?	At different what of the canyon are there several microclimates?	در چه چیزهای گوناگونِ دره چند اقلیم خُرد وجود دارد؟
alturas	heights	ارتفاع
profundidades	depths	عمق‌ها
orillas	edges	لبه‌ها
laderas	slopes	دامنه‌ها
El parque es frecuentado por decenas de miles de visitantes que gustan de practicar la bicicleta de montaña, el nado, el kayak y el rapel.	The park is frequented by tens of thousands of visitors who enjoy practicing mountain biking, swimming, kayaking and rappelling.	از این پارک ده‌ها هزار بازدیدکننده می‌گذرند که از دوچرخه‌سواری کوهستان، شنا، کایاک و راپل لذت می‌برند.
¿Quién frecuenta el parque?	Who frequents the park?	چه کسانی به این پارک می‌روند؟
decenas de miles de visitantes	tens of thousands of visitors	ده‌ها هزار بازدیدکننده
solamente los investigadores	only the researchers	تنها پژوهشگران
los habitantes de los pueblos	the inhabitants of the towns	اهالی روستاها
los turistas del extranjero	the tourists from abroad	گردشگران خارجی
¿Cuántos visitantes frecuentan el parque?	How many visitors frequent the park?	چه تعداد بازدیدکننده به این پارک می‌روند؟
decenas de miles	tens of thousands	ده‌ها هزار
cientos	hundreds	صدها
unos pocos miles	a few thousands	چند هزار نفر
millones	millions	میلیون‌ها
¿Qué gustan de practicar los visitantes en el parque?	What do visitors enjoy doing in the park?	بازدیدکنندگان از چه کارهایی در این پارک لذت می‌برند؟
la bicicleta de montaña, el nado, el kayak y el rapel	mountain biking, swimming, kayaking and rappelling	دوچرخه‌سواری کوهستان، شنا، کایاک و راپل
la pesca, el campismo y el senderismo	fishing, camping and hiking	ماهیگیری، چادر زدن و پیاده‌روی
el buceo, la navegación y el surf	diving, sailing and surfing	غواصی، قایق‌رانی و موج‌سواری
el fútbol, el béisbol y el atletismo	football, baseball and athletics	فوتبال، بیسبال و دوومیدانی
¿Qué lugar es frecuentado por decenas de miles de visitantes?	What place is frequented by tens of thousands of visitors?	کجا مورد بازدید ده‌ها هزار بازدیدکننده قرار می‌گیرد؟
El río	The river	رودخانه
La caverna	The cavern	غار
Además del nado, el kayak y el rapel, ¿qué más practican los visitantes?	Besides swimming, kayaking and rappelling, what else do visitors practice?	جز شنا، کایاک و راپل، بازدیدکنندگان چه کار دیگری انجام می‌دهند؟
la bicicleta de montaña	mountain biking	دوچرخه‌سواری کوهستان
el senderismo	hiking	پیاده‌روی
la pesca deportiva	sport fishing	ماهیگیری ورزشی
la escalada en roca	rock climbing	صخره‌نوردی
Además de la bicicleta de montaña, el nado y el rapel, ¿qué más practican?	Besides mountain biking, swimming and rappelling, what else do they practice?	جز دوچرخه‌سواری کوهستان، شنا و راپل، چه کار دیگری انجام می‌دهند؟
el kayak	kayaking	کایاک
la navegación	sailing	قایق‌رانی
el buceo	diving	غواصی
el rafting	rafting	ردینگ
Además de la bicicleta de montaña, el nado y el kayak, ¿qué más practican?	Besides mountain biking, swimming and kayaking, what else do they practice?	جز دوچرخه‌سواری کوهستان، شنا و کایاک، چه کار دیگری انجام می‌دهند؟
el rapel	rappelling	راپل
el montañismo	mountaineering	کوهنوردی
la exploración	exploration	کاوش
el atletismo	athletics	دوومیدانی
¿Qué les gusta a los decenas de miles de visitantes que frecuentan el parque?	What do the tens of thousands of visitors who frequent the park like?	آن ده‌ها هزار بازدیدکننده‌ای که به پارک می‌روند چه چیزی را می‌پسندند؟
practicar la bicicleta de montaña, el nado, el kayak y el rapel	practicing mountain biking, swimming, kayaking and rappelling	دوچرخه‌سواری کوهستان، شنا، کایاک و راپل
acampar junto al río	camping by the river	چادر زدن کنار رودخانه
fotografiar las especies	photographing the species	عکاسی از گونه‌ها
visitar la presa hidroeléctrica	visiting the hydroelectric dam	بازدید از سد آبی‌الکتریک
Dentro de la zona se encuentra la presa hidroeléctrica de Chicoasén, una de las mayores obras mexicanas de ingeniería hidráulica, con un embalse de 32 kilómetros de largo que abarca la totalidad del cañón.	Inside the area is the Chicoasén hydroelectric dam, one of the greatest Mexican works of hydraulic engineering, with a reservoir 32 kilometers long that covers the entirety of the canyon.	در داخل این منطقه سد آبی‌الکتریک چیواسن قرار دارد، یکی از بزرگ‌ترین آثار مکزیکی مهندسی آبی، با ذخیره‌ای به درازای 32 کیلومتر که تمام دره را در بر می‌گیرد.
¿Qué se encuentra dentro de la zona?	What is found inside the area?	در داخل این منطقه چه چیزی قرار دارد؟
la presa hidroeléctrica de Chicoasén	the Chicoasén hydroelectric dam	سد آبی‌الکتریک چیواسن
un antiguo templo maya	an ancient Mayan temple	معبدی باستانی مایا
un puente de la época colonial	a bridge from the colonial era	پلی از دورهٔ استعماری
un mirador natural	a natural viewpoint	نقطهٔ دیدبانی طبیعی
¿Qué tipo de presa es la de Chicoasén?	What kind of dam is Chicoasén?	چیواسن چه نوع سدی است؟
hidroeléctrica	hydroelectric	آبی‌الکتریک
de riego	for irrigation	برای آبیاری
de agua potable	for drinking water	برای آب آشامیدنی
de contención	of containment	سنگینی
¿Cómo se considera la presa de Chicoasén?	How is the Chicoasén dam regarded?	سد چیواسن چگونه شمرده می‌شود؟
una de las mayores obras mexicanas de ingeniería hidráulica	one of the greatest Mexican works of hydraulic engineering	یکی از بزرگ‌ترین آثار مکزیکی مهندسی آبی
la obra más visitada del país	the most visited work in the country	پربازدیدترین اثر کشور
la obra más antigua de la región	the oldest work in the region	کهنه‌ترین اثر منطقه
la primera presa de América Latina	the first dam in Latin America	نخستین سد آمریکای لاتین
¿De qué ingeniería es Chicoasén una de las mayores obras mexicanas?	Chicoasén is one of the greatest Mexican works of which engineering?	چیواسن یکی از بزرگ‌ترین آثار مکزیکی کدام مهندسی است؟
de ingeniería hidráulica	of hydraulic engineering	مهندسی آبی
de ingeniería civil	of civil engineering	مهندسی عمران
de ingeniería militar	of military engineering	مهندسی نظامی
de ingeniería moderna	of modern engineering	مهندسی مدرن
¿De cuántos kilómetros de largo es el embalse?	How many kilometers long is the reservoir?	آن ذخیرهٔ آبی چند کیلومتر درازا دارد؟
de 32 kilómetros de largo	32 kilometers long	به درازای 32 کیلومتر
de 21 kilómetros de largo	21 kilometers long	به درازای 21 کیلومتر
de 45 kilómetros de largo	45 kilometers long	به درازای 45 کیلومتر
de 18 kilómetros de largo	18 kilometers long	به درازای 18 کیلومتر
¿Qué tiene la presa de Chicoasén con 32 kilómetros de largo?	What does the Chicoasén dam have that is 32 kilometers long?	سد چیواسن چه چیزی دارد که 32 کیلومتر درازا دارد؟
un embalse	a reservoir	ذخیره‌ای
un túnel	a tunnel	تونلی
un acueducto	an aqueduct	آبراهی
un canal	a canal	کانالی
¿Qué abarca el embalse de la presa?	What does the reservoir of the dam cover?	ذخیرهٔ آبی سد چه چیزی را در بر می‌گیرد؟
la totalidad del cañón	the entirety of the canyon	تمام دره
la mitad del parque	half of the park	نیمی از پارک
los valles cercanos	the nearby valleys	دره‌های نزدیک
la desembocadura del río	the mouth of the river	دهانهٔ رودخانه
¿Dónde se encuentra la presa hidroeléctrica de Chicoasén?	Where is the Chicoasén hydroelectric dam located?	سد آبی‌الکتریک چیواسن کجا قرار دارد؟
Dentro de la zona	Inside the area	در داخل این منطقه
Fuera del parque	Outside the park	بیرون از پارک
En un estado vecino	In a neighboring state	در ایالت همسایه
Lejos del río	Far from the river	دور از رودخانه
¿De qué país son las mayores obras de ingeniería hidráulica que incluye Chicoasén?	Of which country are the greatest works of hydraulic engineering that include Chicoasén?	بزرگ‌ترین آثار مهندسی آبی که چیواسن یکی از آنهاست متعلق به کدام کشور است؟
mexicanas	Mexican	مکزیکی
guatemaltecas	Guatemalan	گواتمالایی
hondureñas	Honduran	هندوراسی
beliceñas	Belizean	بلیزی
Por su riqueza ecológica fue decretado Parque Nacional el 8 de diciembre de 1980. En 2004 fue clasificado como sitio Ramsar (humedal de importancia internacional).	For its ecological richness it was decreed a National Park on December 8, 1980. In 2004 it was classified as a Ramsar site (wetland of international importance).	به‌خاطر غنای اکولوژیکی‌اش، در 8 دسامبر 1980 پارک ملی اعلام شد. در سال 2004 به‌عنوان سایت رامسر (تالابی با اهمیت بین‌المللی) طبقه‌بندی شد.
¿Por qué fue decretado Parque Nacional?	Why was it decreed a National Park?	چرا آن را پارک ملی اعلام کردند؟
Por su riqueza ecológica	For its ecological richness	به‌خاطر غنای اکولوژیکی‌اش
Por su belleza paisajística	For its scenic beauty	به‌خاطر زیبایی منظره‌اش
Por su valor arqueológico	For its archaeological value	به‌خاطر ارزش باستان‌شناختی‌اش
Por su gran extensión	For its great extension	به‌خاطر وسعت زیادش
¿Qué fue decretado el 8 de diciembre de 1980?	What was decreed on December 8, 1980?	در 8 دسامبر 1980 چه چیزی اعلام شد؟
Parque Nacional	National Park	پارک ملی
Patrimonio de la Humanidad	World Heritage	میراث جهانی
Reserva de la biosfera	Biosphere reserve	ذخیره‌گاه زیست‌کره
Área natural protegida	Protected natural area	منطقهٔ طبیعی حفاظت‌شده
¿Cuándo fue decretado Parque Nacional?	When was it decreed a National Park?	چه زمانی پارک ملی اعلام شد؟
el 8 de diciembre de 1980	on December 8, 1980	در 8 دسامبر 1980
el 8 de diciembre de 1970	on December 8, 1970	در 8 دسامبر 1970
el 20 de noviembre de 1980	on November 20, 1980	در 20 نوامبر 1980
el 15 de septiembre de 1985	on September 15, 1985	در 15 سپتامبر 1985
¿En qué año fue clasificado como sitio Ramsar?	In what year was it classified as a Ramsar site?	در چه سالی به‌عنوان سایت رامسر طبقه‌بندی شد؟
En 2004	In 2004	در سال 2004
En 1980	In 1980	در سال 1980
En 2010	In 2010	در سال 2010
En 1998	In 1998	در سال 1998
¿Como qué fue clasificado en 2004?	As what was it classified in 2004?	در سال 2004 به‌عنوان چه چیزی طبقه‌بندی شد؟
como sitio Ramsar	as a Ramsar site	به‌عنوان سایت رامسر
como pueblo mágico	as a magical town	به‌عنوان شهر جادویی
como santuario natural	as a natural sanctuary	به‌عنوان حرام طبیعی
como monumento nacional	as a national monument	به‌عنوان اثر ملی
Según el texto, ¿qué es un sitio Ramsar?	According to the text, what is a Ramsar site?	بر اساس متن، سایت رامسر چیست؟
humedal de importancia internacional	wetland of international importance	تالابی با اهمیت بین‌المللی
reserva de selva tropical	tropical rainforest reserve	ذخیره‌گاه جنگل بارانی استوایی
sitio de valor arqueológico	site of archaeological value	جایی با ارزش باستان‌شناختی
área de aves migratorias	area of migratory birds	منطقهٔ پرندگان مهاجر
El Día de Muertos, que se realiza el 1 y 2 de noviembre, en la cual se agasaja a los difuntos con ofrendas que incluyen sus alimentos preferidos, agua, flores de cempasúchil, velas, papel picado, pan de muerto y calaveritas de azúcar y chocolate, para convidar a los seres queridos que ya no están.	The Day of the Dead, held on November 1 and 2, is a celebration in which the departed are honored with offerings that include their favorite foods, water, cempasuchil flowers, candles, cut paper, bread of the dead and little skulls of sugar and chocolate, to invite the loved ones who are no more.	روز مردگان که در 1 و 2 نوامبر برگزار می‌شود، روزی است که در آن از درگذشتگان با پیشکش‌هایی پذیرایی می‌شود که شامل غذاهای موردعلاقهٔ آنان، آب، گل‌های سمپاسوچیل، شمع، کاغذ سوراخ‌کاری‌شده، نان مردگان و جمجمه‌های کوچک شکر و شکلات است، تا عزیزانی که دیگر نیستند فراخوانده شوند.
¿Cuándo se realiza el Día de Muertos?	When is the Day of the Dead held?	روز مردگان چه زمانی برگزار می‌شود؟
el 1 y 2 de noviembre	on November 1 and 2	در 1 و 2 نوامبر
el 5 y 6 de mayo	on May 5 and 6	در 5 و 6 مه
el 15 y 16 de septiembre	on September 15 and 16	در 15 و 16 سپتامبر
el 24 y 25 de diciembre	on December 24 and 25	در 24 و 25 دسامبر
¿Qué celebración se realiza el 1 y 2 de noviembre?	Which celebration is held on November 1 and 2?	کدام جشن در 1 و 2 نوامبر برگزار می‌شود؟
El Día de Muertos	The Day of the Dead	روز مردگان
el Día de la Candelaria	Candlemas	روز شمع‌ها
la Navidad	Christmas	کریسمس
las fiestas patrias	the national holidays	جشن‌های ملی
¿A quiénes se agasaja en el Día de Muertos?	Who is honored on the Day of the Dead?	در روز مردگان از چه کسانی پذیرایی می‌شود؟
a los difuntos	the departed	درگذشتگان
a los niños del pueblo	the children of the town	کودکان روستا
a los visitantes	the visitors	بازدیدکنندگان
a los santos	the saints	قدیسان
¿Con qué se agasaja a los difuntos?	With what are the departed honored?	با چه چیزی از درگذشتگان پذیرایی می‌شود؟
con ofrendas	with offerings	با پیشکش‌ها
con flores y música	with flowers and music	با گل و موسیقی
con fuegos artificiales	with fireworks	با آتش‌بازی
con bailes tradicionales	with traditional dances	با رقص‌های سنتی
Según el texto, ¿qué incluyen las ofrendas?	According to the text, what do the offerings include?	بر اساس متن، پیشکش‌ها شامل چه چیزهایی هستند؟
sus alimentos preferidos, agua, flores de cempasúchil, velas, papel picado, pan de muerto y calaveritas de azúcar y chocolate	their favorite foods, water, cempasuchil flowers, candles, cut paper, bread of the dead and little skulls of sugar and chocolate	غذاهای موردعلاقهٔ آنان، آب، گل‌های سمپاسوچیل، شمع، کاغذ سوراخ‌کاری‌شده، نان مردگان و جمجمه‌های کوچک شکر و شکلات
fotografías, ropa y juguetes	photographs, clothes and toys	عکس‌ها، لباس و اسباب‌بازی
frutas, miel y semillas	fruit, honey and seeds	میوه، عسل و دانه
incienso, mirra y cera	incense, myrrh and wax	لبان، مر و موم
Además de los alimentos preferidos y el agua, ¿qué flores incluyen las ofrendas?	Besides the favorite foods and the water, what flowers do the offerings include?	جز غذاهای موردعلاقه و آب، پیشکش‌ها چه گل‌هایی دارند؟
flores de cempasúchil	cempasuchil flowers	گل‌های سمپاسوچیل
flores de rosa	rose flowers	گل‌های رز
flores de girasol	sunflowers	گل‌های آفتابگردان
flores de nochebuena	poinsettia flowers	گل‌های شب‌بو
Además del papel picado y el pan de muerto, ¿qué más incluyen las ofrendas?	Besides the cut paper and the bread of the dead, what else do the offerings include?	جز کاغذ سوراخ‌کاری‌شده و نان مردگان، پیشکش‌ها چه چیز دیگری دارند؟
calaveritas de azúcar y chocolate	little skulls of sugar and chocolate	جمجمه‌های کوچک شکر و شکلات
figuras de amaranto y miel	figures of amaranth and honey	مجسمه‌های آمارانت و عسل
dulces de leche y coco	milk and coconut sweets	شیرینی‌های شیری و نارگیلی
galletas de canela y vainilla	cinnamon and vanilla cookies	بیسکویت دارچین و وانیل
¿Qué tipo de pan incluyen las ofrendas?	What kind of bread do the offerings include?	پیشکش‌ها چه نوع نانی دارند؟
pan de muerto	bread of the dead	نان مردگان
pan de maíz	corn bread	نان ذرت
pan dulce	sweet bread	نان شیرین
pan francés	French bread	نان فرانسوی
¿De qué son las calaveritas de las ofrendas?	What are the little skulls of the offerings made of?	جمجمه‌های کوچک پیشکش از چه چیزی هستند؟
de azúcar y chocolate	of sugar and chocolate	شکر و شکلات
de miel y amaranto	of honey and amaranth	عسل و آمارانت
de leche y canela	of milk and cinnamon	شیر و دارچین
de barro y yeso	of clay and plaster	گچ و سفال
¿Qué papel incluyen las ofrendas?	What paper do the offerings include?	پیشکش‌ها چه کاغذی دارند؟
papel picado	cut paper	کاغذ سوراخ‌کاری‌شده
papel de seda	silk paper	کاغذ ابریشمی
papel dorado	gold paper	کاغذ طلایی
papel blanco	white paper	کاغذ سفید
¿Para qué se hacen las ofrendas del Día de Muertos?	What are the offerings of the Day of the Dead made for?	پیشکش‌های روز مردگان برای چه چیزی است؟
para convidar a los seres queridos que ya no están	to invite the loved ones who are no more	تا عزیزانی که دیگر نیستند فراخوانده شوند
para adornar las calles del pueblo	to adorn the streets of the town	تا خیابان‌های روستا آراسته شود
para compartir con los vecinos	to share with the neighbors	تا با همسایگان تقسیم شود
para premiar a los niños	to reward the children	تا به کودکان جایزه داده شود
¿A quiénes se busca convidar con las ofrendas?	Who is the offering meant to invite?	پیشکش برای فراخواندن چه کسانی است؟
a los seres queridos que ya no están	the loved ones who are no more	عزیزانی که دیگر نیستند
a los turistas y visitantes	the tourists and visitors	گردشگران و بازدیدکنندگان
a los niños de la casa	the children of the house	کودکان خانه
¿Qué bebida incluyen las ofrendas según el texto?	What drink do the offerings include according to the text?	بر اساس متن، پیشکش‌ها چه نوشیدنی‌ای دارند؟
agua	water	آب
atole	atole	آتوله
pulque	pulque	پولکه
café	coffee	قهوه
El Día de Muertos es muestra de la gran riqueza cultural de México. La festividad indígena fue declarada en 2008 por la Organización de las Naciones Unidas para la Educación, la Ciencia y la Cultura (UNESCO) como Patrimonio Cultural Inmaterial de la Humanidad. De raíces prehispánicas, combinada con la celebración católica del Día de Todos los Santos, la celebración busca rendir culto a los antepasados, pues se cree que los días 1 y 2 de noviembre, las almas de los fallecidos regresan para convivir con los vivos.	The Day of the Dead is a show of the great cultural richness of Mexico. In 2008 the indigenous festivity was declared Intangible Cultural Heritage of Humanity by the United Nations Educational, Scientific and Cultural Organization (UNESCO). Of pre-Hispanic roots, combined with the Catholic celebration of All Saints' Day, the celebration seeks to pay cult to the ancestors, because it is believed that on November 1 and 2 the souls of the deceased return to live together with the living.	روز مردگان نمونه‌ای از غنای فرهنگی بزرگ مکزیک است. این جشن بومی در سال 2008 توسط سازمان ملل متحد برای آموزش، علم و فرهنگ (یونسکو) به‌عنوان میراث فرهنگی ناملموس بشریت ثبت شد. این جشن با ریشه‌های پیش از اسپانیا و در آمیزش با جشن کاتولیک روز همهٔ قدیسان کوشیده است به نیاکان احترام بگذارد، زیرا بر این باورند که در روزهای 1 و 2 نوامبر، روح مردگان بازمی‌گردد تا با زندگان هم‌نشین شوند.
¿De qué es muestra el Día de Muertos?	What is the Day of the Dead a show of?	روز مردگان نمونه‌ای از چیست؟
de la gran riqueza cultural de México	the great cultural richness of Mexico	غنای فرهنگی بزرگ مکزیک
de la fe religiosa del pueblo	the religious faith of the people	ایمان دینی مردم
de la unión de las familias	the union of the families	وحدت خانواده‌ها
de la gastronomía mexicana	Mexican gastronomy	غذاهای مکزیکی
¿Qué festividad es muestra de la gran riqueza cultural de México?	Which indigenous festivity is a show of the great cultural richness of Mexico?	کدام جشن بومی نمونه‌ای از غنای فرهنگی بزرگ مکزیک است؟
el Año Nuevo	the New Year	سال نو
la Semana Santa	Holy Week	هفتهٔ مقدس
¿Cuándo fue declarada la festividad indígena?	When was the indigenous festivity declared?	این جشن بومی چه زمانی ثبت شد؟
en 2008	In 2008	در سال 2008
en 2003	in 2003	در سال 2003
en 2010	in 2010	در سال 2010
en 1998	in 1998	در سال 1998
¿Quién declaró la festividad indígena en 2008?	Who declared the indigenous festivity in 2008?	چه کسی این جشن بومی را در سال 2008 ثبت کرد؟
la Organización de las Naciones Unidas para la Educación, la Ciencia y la Cultura (UNESCO)	the United Nations Educational, Scientific and Cultural Organization (UNESCO)	سازمان ملل متحد برای آموزش، علم و فرهنگ (یونسکو)
la Secretaría de Cultura de México	the Secretariat of Culture of Mexico	وزارت فرهنگ مکزیک
el Instituto Nacional de Antropología	the National Institute of Anthropology	مؤسسهٔ ملی انسان‌شناسی
la Organización de los Estados Americanos	the Organization of American States	سازمان ایالت‌های آمریکا
¿Como qué fue declarada la festividad indígena por la UNESCO?	As what was the indigenous festivity declared by UNESCO?	یونسکو آن جشن بومی را به‌عنوان چه چیزی ثبت کرد؟
como Patrimonio Cultural Inmaterial de la Humanidad	Intangible Cultural Heritage of Humanity	میراث فرهنگی ناملموس بشریت
como Patrimonio Natural de la Humanidad	as Natural Heritage of Humanity	به‌عنوان میراث طبیعی بشریت
como Monumento Histórico Mundial	as World Historical Monument	به‌عنوان اثر تاریخی جهان
como Tesoro Cultural de las Naciones	as Cultural Treasure of the Nations	به‌عنوان گنج فرهنگی ملل
¿Qué tipo de festividad fue declarada en 2008?	What kind of festivity was declared in 2008?	چه نوع جشنی در سال 2008 ثبت شد؟
La festividad indígena	The indigenous festivity	این جشن بومی
la festividad española	the Spanish festivity	جشن اسپانیایی
la festividad moderna	the modern festivity	جشن مدرن
la festividad colonial	the colonial festivity	جشن دورهٔ استعمار
¿De qué raíces es la celebración del Día de Muertos?	What roots does the Day of the Dead celebration have?	جشن روز مردگان ریشه در چه چیزی دارد؟
De raíces prehispánicas	Of pre-Hispanic roots	با ریشه‌های پیش از اسپانیا
De raíces españolas	Of Spanish roots	با ریشه‌های اسپانیایی
De raíces africanas	Of African roots	با ریشه‌های آفریقایی
De raíces modernas	Of modern roots	با ریشه‌های مدرن
¿Con qué celebración está combinado el Día de Muertos?	With which celebration is the Day of the Dead combined?	روز مردگان با کدام جشن آمیخته شده است؟
con la celebración católica del Día de Todos los Santos	with the Catholic celebration of All Saints' Day	با جشن کاتولیک روز همهٔ قدیسان
con la celebración de la Navidad	with the celebration of Christmas	با جشن کریسمس
con la celebración de Semana Santa	with the celebration of Holy Week	با جشن هفتهٔ مقدس
con la celebración de la Candelaria	with the celebration of Candlemas	با جشن روز شمع‌ها
¿Qué celebración católica menciona el texto?	Which Catholic celebration does the text mention?	متن کدام جشن کاتولیک را ذکر می‌کند؟
el Día de Todos los Santos	All Saints' Day	روز همهٔ قدیسان
el Corpus Christi	Corpus Christi	جشن تن مسیح
¿Qué busca la celebración del Día de Muertos?	What does the Day of the Dead celebration seek?	جشن روز مردگان به دنبال چه چیزی است؟
rendir culto a los antepasados	to pay cult to the ancestors	به نیاکان احترام بگذارد
reunir a las familias	to bring families together	خانواده‌ها را گرد هم آورد
recordar la conquista	to remember the conquest	فتح را به یاد آورد
celebrar las cosechas	to celebrate the harvests	محصولات را جشن بگیرد
¿A quiénes se busca rendir culto?	Whom is the celebration meant to honor?	این جشن برای احترام به چه کسانی است؟
a los antepasados	to the ancestors	نیاکان
a los dioses antiguos	to the ancient gods	خدایان باستان
a los santos católicos	to the Catholic saints	قدیسان کاتولیک
a los fundadores del pueblo	to the founders of the town	پایه‌گذاران روستا
¿Qué se cree que ocurre los días 1 y 2 de noviembre?	What is believed to happen on November 1 and 2?	مردم باور دارند در روزهای 1 و 2 نوامبر چه اتفاقی می‌افتد؟
las almas de los fallecidos regresan para convivir con los vivos	the souls of the deceased return to live together with the living	روح مردگان بازمی‌گردد تا با زندگان هم‌نشین شوند
los santos visitan las iglesias	the saints visit the churches	قدیسان به کلیساها سر می‌زنند
las familias se reúnen a rezar	families gather to pray	خانواده‌ها برای نماز گرد هم می‌آیند
los difuntos descansan en paz	the departed rest in peace	مردگان در آرامش‌اند
¿Quiénes regresan los días 1 y 2 de noviembre?	Who return on November 1 and 2?	چه کسانی در 1 و 2 نوامبر بازمی‌گردند؟
las almas de los fallecidos	the souls of the deceased	روح مردگان
los visitantes del pueblo	the visitors of the town	بازدیدکنندگان روستا
los familiares lejanos	the distant relatives	خویشاوندان دور
los peregrinos católicos	the Catholic pilgrims	زائران کاتولیک
¿Para qué regresan las almas de los fallecidos?	Why do the souls of the deceased return?	روح مردگان چرا بازمی‌گردند؟
para convivir con los vivos	to live together with the living	تا با زندگان هم‌نشین شوند
para descansar en sus tumbas	to rest in their graves	تا در قبرهایشان بیاسایند
para recibir las oraciones	to receive the prayers	تا دعاها را بپذیرند
para comer las ofrendas	to eat the offerings	تا پیشکش‌ها را بخورند
¿Qué días regresan las almas de los fallecidos según la creencia?	On what days do the souls of the deceased return, according to the belief?	بر اساس این باور، روح مردگان در چه روزهایی بازمی‌گردند؟
los días 1 y 2 de noviembre	on November 1 and 2	در روزهای 1 و 2 نوامبر
los días 24 y 25 de diciembre	on December 24 and 25	در 24 و 25 دسامبر
los días 15 y 16 de septiembre	on September 15 and 16	در 15 و 16 سپتامبر
los primeros días de enero	the first days of January	روزهای نخست ژانویه
¿Con quiénes conviven las almas que regresan?	Whom do the returning souls live together with?	روح‌های بازگشته با چه کسانی هم‌نشین می‌شوند؟
con los vivos	with the living	با زندگان
con los santos	with the saints	با قدیسان
con los ángeles	with the angels	با فرشتگان
con los sacerdotes	with the priests	با کاهنان
¿De qué país es la gran riqueza cultural que muestra el Día de Muertos?	The great cultural richness shown by the Day of the Dead belongs to which country?	آن غنای فرهنگی بزرگ که روز مردگان نشان می‌دهد متعلق به کدام کشور است؟
de Perú	of Peru	پرو
de España	of Spain	اسپانیا
¿Cómo describe el texto la riqueza cultural de México?	How does the text describe the cultural richness of Mexico?	متن غنای فرهنگی مکزیک را چگونه توصیف می‌کند؟
gran	great	بزرگ
pequeña	small	کوچک
moderna	modern	مدرن
antigua	ancient	باستانی
La celebración del Día de Muertos, de raíces prehispánicas, ¿con qué tipo de celebración está combinada?	The Day of the Dead celebration, of pre-Hispanic roots, is combined with what kind of celebration?	جشن روز مردگان که ریشه‌های پیش از اسپانیا دارد با چه نوع جشنی آمیخته شده است؟
católica	Catholic	کاتولیک
protestante	Protestant	پروتستان
judía	Jewish	یهودی
musulmana	Muslim	مسلمان
Entre los lugares más emblemáticos en la celebración del Día de Muertos están Pátzcuaro, en Michoacán, y San Andrés Mixquic, en el Distrito Federal, así como la Huasteca Potosina, Huaquechula, Puebla y Ocotepec en Morelos, donde se ha logrado mantener esta tradición ancestral de convivencia entre vivos y muertos en casas, calles y cementerios.	Among the most emblematic places in the celebration of the Day of the Dead are Pátzcuaro, in Michoacán, and San Andrés Mixquic, in the Federal District, as well as the Huasteca Potosina, Huaquechula, Puebla and Ocotepec in Morelos, where this ancestral tradition of living together between the living and the dead has been kept in homes, streets and cemeteries.	در میان نمادین‌ترین مکان‌های جشن روز مردگان، پاتزکوارو در میشواکان و سان آندرس میسکیک در منطقهٔ فدرال، و همچنین هواستکا پوتوسینا، هواکه‌چولا، پوئبلا و اوکوتپک در مورلس قرار دارند؛ جایی که این سنت کهن هم‌نشینی میان زندگان و مردگان در خانه‌ها، کوچه‌ها و گورستان‌ها حفظ شده است.
¿Qué lugar emblemático de Michoacán menciona el texto?	Which emblematic place of Michoacán does the text mention?	متن کدام مکان نمادین میشواکان را ذکر می‌کند؟
Pátzcuaro	Pátzcuaro	پاتزکوارو
Tzintzuntzan	Tzintzuntzan	تسینتسوان
Morelia	Morelia	مورلیا
Uruapan	Uruapan	اروآپان
¿En qué estado se encuentra Pátzcuaro?	In which state is Pátzcuaro?	پاتزکوارو در کدام ایالت است؟
en Michoacán	in Michoacán	میشواکان
en Morelos	in Morelos	مورلس
en Puebla	in Puebla	پوئبلا
en Oaxaca	in Oaxaca	واخاکا
¿Qué lugar emblemático del Distrito Federal menciona el texto?	Which emblematic place of the Federal District does the text mention?	متن کدام مکان نمادین منطقهٔ فدرال را ذکر می‌کند؟
San Andrés Mixquic	San Andrés Mixquic	سان آندرس میسکیک
Coyoacán	Coyoacán	کویواکان
Xochimilco	Xochimilco	سوچیمیلکو
Tlalpan	Tlalpan	تلالپان
¿Dónde se encuentra San Andrés Mixquic?	Where is San Andrés Mixquic?	سان آندرس میسکیک کجا قرار دارد؟
en el Distrito Federal	in the Federal District	در منطقهٔ فدرال
en el Estado de México	in the State of Mexico	در ایالت مکزیک
¿Qué región menciona el texto además de Pátzcuaro y Mixquic?	Which region does the text mention besides Pátzcuaro and Mixquic?	متن جز پاتزکوارو و میسکیک کدام منطقه را ذکر می‌کند؟
la Huasteca Potosina	the Huasteca Potosina	هواستکا پوتوسینا
la Sierra Gorda	the Sierra Gorda	سیرا گوردا
el Altiplano Potosino	the Altiplano Potosino	آلتیپلانوتوسینو
la Zona Media	the Middle Zone	منطقهٔ میانی
¿Qué lugar de Puebla menciona el texto?	Which place in Puebla does the text mention?	متن کدام جای پوئبلا را ذکر می‌کند؟
Huaquechula	Huaquechula	هواکه‌چولا
Atlixco	Atlixco	اتلیسکو
Cholula	Cholula	چولولا
Izúcar	Izúcar	ایزوکار
¿Qué lugar de Morelos menciona el texto?	Which place in Morelos does the text mention?	متن کدام جای مورلس را ذکر می‌کند؟
Ocotepec	Ocotepec	اوکوتپک
Tepoztlán	Tepoztlán	تپوزتلان
Cuernavaca	Cuernavaca	کوئرنآواکا
Jojutla	Jojutla	هوهوتلا
¿En qué estado está Ocotepec?	In which state is Ocotepec?	اوکوتپک در کدام ایالت است؟
en Guerrero	in Guerrero	گرو
¿Qué se ha logrado mantener en Pátzcuaro, Mixquic y Ocotepec?	What has been achieved to keep in Pátzcuaro, Mixquic and Ocotepec?	در پاتزکوارو، میسکیک و اوکوتپک چه چیزی حفظ شده است؟
esta tradición ancestral de convivencia entre vivos y muertos	this ancestral tradition of living together between the living and the dead	این سنت کهن هم‌نشینی میان زندگان و مردگان
esta fiesta religiosa moderna	this modern religious festival	این جشن دینی مدرن
este culto de origen español	this cult of Spanish origin	این پرستش با ریشهٔ اسپانیایی
esta costumbre de los conquistadores	this custom of the conquistadors	این رسم فاتحان
¿De convivencia entre quiénes es la tradición ancestral?	It is an ancestral tradition of living together between whom?	این سنت کهن هم‌نشینی میان چه کسانی است؟
entre vivos y muertos	between the living and the dead	میان زندگان و مردگان
entre familias y vecinos	between families and neighbors	میان خانواده‌ها و همسایگان
entre pueblos y ciudades	between towns and cities	میان روستاها و شهرها
entre niños y adultos	between children and adults	میان کودکان و بزرگسالان
¿En qué lugares se mantiene la convivencia entre vivos y muertos?	Where is the coexistence between the living and the dead kept?	هم‌نشینی زندگان و مردگان در کجا حفظ شده است؟
en casas, calles y cementerios	in homes, streets and cemeteries	در خانه‌ها، کوچه‌ها و گورستان‌ها
en iglesias, plazas y mercados	in churches, plazas and markets	در کلیساها، میدان‌ها و بازارها
en parques, escuelas y templos	in parks, schools and temples	در پارک‌ها، مدارس و معابد
en montes, ríos y caminos	in mountains, rivers and roads	در کوه‌ها، رودها و جاده‌ها
¿Cómo son los lugares que menciona el texto para la celebración del Día de Muertos?	How are the places the text mentions for the Day of the Dead celebration?	مکان‌هایی که متن برای جشن روز مردگان ذکر می‌کند چگونه‌اند؟
emblemáticos	emblematic	نمادین
turísticos	touristic	گردشگری
aislados	isolated	دورافتاده
modernos	modern	مدرن
¿Cómo es la tradición que se ha logrado mantener?	How is the tradition that has been kept?	آن سنتی که حفظ شده چگونه است؟
ancestral	ancestral	کهن
extranjera	foreign	بیگانه
¿Qué celebración tiene lugares emblemáticos como Pátzcuaro y San Andrés Mixquic?	Which celebration has emblematic places such as Pátzcuaro and San Andrés Mixquic?	کدام جشن مکان‌های نمادینی مانند پاتزکوارو و سان آندرس میسکیک دارد؟
la celebración del Día de Muertos	the celebration of the Day of the Dead	جشن روز مردگان
la celebración de Navidad	the celebration of Christmas	جشن کریسمس
la celebración de Año Nuevo	the celebration of the New Year	جشن سال نو
la celebración de Semana Santa	the celebration of Holy Week	جشن هفتهٔ مقدس
Ubicado al sur de la ciudad de México, Mixquic, en la Delegación Tláhuac, tiene una de las celebraciones más impactantes, pues todo el pueblo participa en la fiesta recibir a las almas de los difuntos. El 1 de noviembre llegan las ánimas de los niños y el día 2, las de los adultos, en medio de ofrendas, oraciones y el repique de las campanas.	Located to the south of Mexico City, Mixquic, in the Tláhuac Borough, has one of the most striking celebrations, because the whole town takes part in the party to receive the souls of the departed. On November 1 the souls of the children arrive and on the 2nd, those of the adults, amid offerings, prayers and the ringing of the bells.	میسکیک، که در جنوب شهر مکزیک و در ناحیهٔ تلاواک قرار دارد، یکی از چشمگیرترین جشن‌ها را دارد، زیرا تمام روستا در جشن شرکت می‌کند تا از روح درگذشتگان پذیرایی کنند. در 1 نوامبر روح کودکان می‌آید و در روز 2، روح بزرگسالان، در میان پیشکش‌ها، دعاها و نواختن ناقوس‌ها.
¿Dónde está ubicado Mixquic?	Where is Mixquic located?	میسکیک کجا قرار دارد؟
al sur de la ciudad de México	to the south of Mexico City	در جنوب شهر مکزیک
al norte de la ciudad de México	to the north of Mexico City	در شمال شهر مکزیک
al este del Estado de México	to the east of the State of Mexico	در شرق ایالت مکزیک
al oeste de la ciudad de Puebla	to the west of the city of Puebla	در غرب شهر پوئبلا
¿En qué delegación se encuentra Mixquic?	In which borough is Mixquic?	میسکیک در کدام ناحیه قرار دارد؟
en la Delegación Tláhuac	in the Tláhuac Borough	در ناحیهٔ تلاواک
en la Delegación Xochimilco	in the Xochimilco Borough	در ناحیهٔ سوچیمیلکو
en la Delegación Coyoacán	in the Coyoacán Borough	در ناحیهٔ کویواکان
en la Delegación Milpa Alta	in the Milpa Alta Borough	در ناحیهٔ میلپا آلتا
¿Qué tiene Mixquic según el texto?	What does Mixquic have, according to the text?	بر اساس متن، میسکیک چه چیزی دارد؟
una de las celebraciones más impactantes	one of the most striking celebrations	یکی از چشمگیرترین جشن‌ها
una de las ferias más grandes	one of the largest fairs	یکی از بزرگ‌ترین نمایشگاها
una de las iglesias más antiguas	one of the oldest churches	یکی از کهنه‌ترین کلیساها
una de las plazas más bonitas	one of the prettiest plazas	یکی از زیباترین میدان‌ها
¿Cómo son las celebraciones de Mixquic?	How are the celebrations of Mixquic?	جشن‌های میسکیک چگونه‌اند؟
impactantes	striking	چشمگیر
sencillas	simple	ساده
silenciosas	silent	خاموش
modernas	modern	مدرن
¿Quién participa en la fiesta de Mixquic?	Who takes part in the party of Mixquic?	چه کسی در جشن میسکیک شرکت می‌کند؟
todo el pueblo	the whole town	تمام روستا
solo los sacerdotes	only the priests	تنها کاهنان
solo las familias antiguas	only the old families	تنها خاندان‌های کهن
solo los adultos	only the adults	تنها بزرگسالان
¿Para qué participa todo el pueblo en la fiesta?	Why does the whole town take part in the party?	چرا تمام روستا در جشن شرکت می‌کند؟
recibir a las almas de los difuntos	to receive the souls of the departed	از روح درگذشتگان پذیرایی کنند
preparar los alimentos	to prepare the foods	غذاها را آماده کنند
adornar las calles	to adorn the streets	خیابان‌ها را بیارایند
limpiar el panteón	to clean the cemetery	گورستان را پاکیزه کنند
¿Cuándo llegan las ánimas de los niños?	When do the souls of the children arrive?	روح کودکان چه زمانی می‌آیند؟
El 1 de noviembre	On November 1	در 1 نوامبر
El 2 de noviembre	On November 2	در 2 نوامبر
El 31 de octubre	On October 31	در 31 اکتبر
El 12 de diciembre	On December 12	در 12 دسامبر
¿Qué ánimas llegan el 1 de noviembre?	Whose souls arrive on November 1?	روح چه کسانی در 1 نوامبر می‌آید؟
las ánimas de los niños	the souls of the children	روح کودکان
las ánimas de los adultos	the souls of the adults	روح بزرگسالان
las almas del purgatorio	the souls of purgatory	روح‌های برزخ
las ánimas de los ancianos	the souls of the elderly	روح سالمندان
¿Cuándo llegan las ánimas de los adultos?	When do the souls of the adults arrive?	روح بزرگسالان چه زمانی می‌آیند؟
el día 2	on the 2nd	در روز 2
el día 1	on the 1st	در روز 1
el día 3	on the 3rd	در روز 3
el día 30	on the 30th	در روز 30
¿Qué ánimas llegan el día 2?	Whose souls arrive on the 2nd?	روح چه کسانی در روز 2 می‌آید؟
las de los adultos	those of the adults	روح بزرگسالان
las de los niños	those of the children	روح کودکان
las de los sacerdotes	those of the priests	روح کاهنان
las de los abuelos	those of the grandparents	روح پدربزرگ‌ها و مادربزرگ‌ها
¿En medio de qué llegan las ánimas?	Amid what do the souls arrive?	روح‌ها در میان چه چیزی می‌آیند؟
en medio de ofrendas, oraciones y el repique de las campanas	amid offerings, prayers and the ringing of the bells	در میان پیشکش‌ها، دعاها و نواختن ناقوس‌ها
en medio de flores, música y fuegos	amid flowers, music and fireworks	در میان گل، موسیقی و آتش‌بازی
en medio de cantos, rezos y velas	amid songs, prayers and candles	در میان سرودها، نمازها و شمع‌ها
en medio de incienso, comida y baile	amid incense, food and dance	در میان بُخور، غذا و رقص
¿Qué suena cuando llegan las ánimas?	What sounds when the souls arrive?	هنگام آمدن روح‌ها چه چیزی به صدا درمی‌آید؟
el repique de las campanas	the ringing of the bells	نواختن ناقوس‌ها
el sonido de los tambores	the sound of the drums	صدای طبل‌ها
el canto de los gallos	the crowing of the roosters	بانگ خروس‌ها
la música de la feria	the music of the fair	موسیقی نمایشگاه
La alumbrada o noche de las velas es el evento más significativo de la celebración, ya que el 2 de noviembre, a partir de las 18:00 horas, los habitantes de Mixquic se encaminan hacia el panteón con velas, incienso y flores. En el cementerio, todas las tumbas son iluminadas con velas y se hace arder el incienso, lo que crea un ambiente místico, de comunión entre vivos y muertos.	The alumbrada, or night of the candles, is the most significant event of the celebration, since on November 2, from 18:00 hours, the inhabitants of Mixquic head to the cemetery with candles, incense and flowers. In the cemetery, all the graves are lit with candles and the incense is burned, which creates a mystical atmosphere, of communion between the living and the dead.	آلمبرادا یا شب شمع‌ها مهم‌ترین رویداد این جشن است، زیرا در 2 نوامبر، از ساعت 18:00، اهالی میسکیک به سوی گورستان می‌روند و شمع، بُخور و گل با خود می‌برند. در گورستان، همهٔ قبرها با شمع روشن می‌شوند و بُخور را می‌سوزانند که فضایی عرفانی و پیوند میان زندگان و مردگان را پدید می‌آورد.
¿Qué es la alumbrada o noche de las velas?	What is the alumbrada or night of the candles?	آلمبرادا یا شب شمع‌ها چیست؟
el evento más significativo de la celebración	the most significant event of the celebration	مهم‌ترین رویداد این جشن
el momento más alegre de la fiesta	the most joyful moment of the party	شادترین لحظهٔ جشن
la tradición más antigua del pueblo	the oldest tradition of the town	کهنه‌ترین سنت روستا
el acto más concurrido del año	the most attended act of the year	پربازدیدترین مراسم سال
¿Cómo se llama también la alumbrada?	What is the alumbrada also called?	آلمبرادا را با چه نام دیگری می‌خوانند؟
noche de las velas	night of the candles	شب شمع‌ها
noche de las ánimas	night of the souls	شب روح‌ها
noche de los difuntos	night of the departed	شب درگذشتگان
noche del panteón	night of the cemetery	شب گورستان
¿Qué evento es el más significativo de la celebración?	What event is the most significant of the celebration?	کدام رویداد مهم‌ترین بخش این جشن است؟
La alumbrada o noche de las velas	The alumbrada, or night of the candles	آلمبرادا یا شب شمع‌ها
la llegada de los niños	the arrival of the children	آمدن کودکان
la misa del pueblo	the mass of the town	نماز جماعت روستا
la procesión de la iglesia	the procession of the church	رژهٔ کلیسا
¿Cómo es la alumbrada entre los eventos de la celebración?	How is the alumbrada among the events of the celebration?	آلمبرادا در میان رویدادهای این جشن چگونه است؟
el evento más significativo	the most significant event	مهم‌ترین رویداد
el evento más colorido	the most colorful event	رنگارنگ‌ترین رویداد
el evento más antiguo	the oldest event	کهنه‌ترین رویداد
el evento más alegre	the most joyful event	شادترین رویداد
¿Qué día ocurre la alumbrada?	On what day does the alumbrada take place?	آلمبرادا در چه روزی برگزار می‌شود؟
el 2 de noviembre	on November 2	در 2 نوامبر
el 1 de noviembre	on November 1	در 1 نوامبر
el 31 de octubre	on October 31	در 31 اکتبر
el 12 de diciembre	on December 12	در 12 دسامبر
¿A partir de qué hora comienza la alumbrada?	Starting at what time does the alumbrada begin?	آلمبرادا از چه ساعتی آغاز می‌شود؟
a partir de las 18:00 horas	from 18:00 hours	از ساعت 18:00
a partir de las 12:00 horas	from 12:00 hours	از ساعت 12:00
a partir de las 20:00 horas	from 20:00 hours	از ساعت 20:00
a partir de las 22:00 horas	from 22:00 hours	از ساعت 22:00
¿Quiénes se encaminan hacia el panteón?	Who head to the cemetery?	چه کسانی به سوی گورستان می‌روند؟
los habitantes de Mixquic	the inhabitants of Mixquic	اهالی میسکیک
los visitantes del centro	the visitors from downtown	بازدیدکنندگان مرکز شهر
los sacerdotes de la delegación	the priests of the borough	کاهنان ناحیه
los turistas extranjeros	the foreign tourists	گردشگران خارجی
¿Hacia dónde se encaminan los habitantes de Mixquic?	Where do the inhabitants of Mixquic head?	اهالی میسکیک به سوی کجا می‌روند؟
hacia el panteón	to the cemetery	به سوی گورستان
hacia la iglesia	to the church	به سوی کلیسا
hacia la plaza	to the plaza	به سوی میدان
hacia el río	to the river	به سوی رودخانه
¿Con qué se encaminan al panteón los habitantes?	With what do the inhabitants head to the cemetery?	اهالی با چه چیزی به سوی گورستان می‌روند؟
con velas, incienso y flores	with candles, incense and flowers	شمع، بُخور و گل
con comida, bebida y música	with food, drink and music	با غذا، نوشیدنی و موسیقی
con coronas, listones y fotos	with crowns, ribbons and photos	با تاج، روبان و عکس
con faroles, campanas y rezos	with lanterns, bells and prayers	با فانوس، ناقوس و نماز
¿Dónde son iluminadas todas las tumbas?	Where are all the graves lit?	کجا همهٔ قبرها روشن می‌شوند؟
En el cementerio	In the cemetery	در گورستان
En la iglesia	In the church	در کلیسا
En la plaza del pueblo	In the plaza of the town	در میدان روستا
En las casas	In the homes	در خانه‌ها
¿Qué es iluminado con velas en el cementerio?	What is lit with candles in the cemetery?	در گورستان چه چیزی با شمع روشن می‌شود؟
todas las tumbas	all the graves	همهٔ قبرها
todos los altares	all the altars	همهٔ مذبح‌ها
todas las casas	all the houses	همهٔ خانه‌ها
todas las cruces	all the crosses	همهٔ صلیب‌ها
¿Con qué son iluminadas las tumbas?	With what are the graves lit?	قبرها با چه چیزی روشن می‌شوند؟
con velas	with candles	با شمع
con antorchas	with torches	با مشعل
con lámparas	with lamps	با چراغ
con faroles	with lanterns	با فانوس
¿Qué se hace arder en el cementerio?	What is made to burn in the cemetery?	در گورستان چه چیزی را می‌سوزانند؟
el incienso	the incense	بُخور
la cera	the wax	موم
el copal	copal	کوپال
la leña	the firewood	هیزم
¿Qué crean las velas y el incienso en el cementerio?	What do the candles and the incense create in the cemetery?	شمع و بُخور در گورستان چه چیزی پدید می‌آورند؟
un ambiente místico	a mystical atmosphere	فضایی عرفانی
un ambiente festivo	a festive atmosphere	فضایی شاد
un ambiente familiar	a family atmosphere	فضایی خانوادگی
un ambiente solemne	a solemn atmosphere	فضایی باوقار
¿Cómo es el ambiente que se crea en el cementerio?	What is the atmosphere created in the cemetery like?	فضایی که در گورستان پدید می‌آید چگونه است؟
místico	mystical	عرفانی
festivo	festive	شاد
ruidoso	noisy	پرحجم
¿De comunión entre quiénes es el ambiente místico?	It is a mystical atmosphere of communion between whom?	آن فضای عرفانی، پیوند میان چه کسانی است؟
entre amigos y extraños	between friends and strangers	میان دوستان و غریبه‌ها
¿Qué se hace el 2 de noviembre a partir de las 18:00 horas?	What happens on November 2 from 18:00 hours?	در 2 نوامبر از ساعت 18:00 چه اتفاقی می‌افتد؟
los habitantes de Mixquic se encaminan hacia el panteón	the inhabitants of Mixquic head to the cemetery	اهالی میسکیک به سوی گورستان می‌روند
se prepara la comida familiar	the family meal is prepared	غذای خانوادگی آماده می‌شود
se encienden los fuegos artificiales	the fireworks are lit	آتش‌بازی را روشن می‌کنند
se adorna la plaza principal	the main plaza is adorned	میدان اصلی را می‌آرایند
Durante esa noche, en medio de oraciones y cantos, los habitantes del pueblo de Mixquic permanecen al lado de las tumbas de sus deudos. Mientras transcurre la noche, la luz de las velas es la que alumbrará a las ánimas en su camino de regreso.	During that night, amid prayers and songs, the inhabitants of the town of Mixquic stay beside the graves of their loved ones. As the night passes, it is the light of the candles that will light the way for the souls on their road back.	در آن شب، در میان دعاها و سرودها، اهالی روستای میسکیک کنار قبر خویشاوندانشان می‌مانند. هرچه شب می‌گذرد، نور شمع‌هاست که راه روح‌ها را در مسیر بازگشت روشن می‌کند.
¿Quiénes permanecen al lado de las tumbas durante esa noche?	Who stay beside the graves during that night?	آن شب چه کسانی کنار قبرها می‌مانند؟
los habitantes del pueblo de Mixquic	the inhabitants of the town of Mixquic	اهالی روستای میسکیک
los sacerdotes de la iglesia	the priests of the church	کاهنان کلیسا
los familiares de otros pueblos	the relatives from other towns	خویشاوندان از روستاهای دیگر
los visitantes del panteón	the visitors of the cemetery	بازدیدکنندگان گورستان
¿Dónde permanecen los habitantes de Mixquic?	Where do the inhabitants of Mixquic stay?	اهالی میسکیک کجا می‌مانند؟
al lado de las tumbas	beside the graves	کنار قبر
frente a la iglesia	in front of the church	روبروی کلیسا
dentro de sus casas	inside their homes	در خانه‌هایشان
junto al altar mayor	beside the main altar	کنار مذبح اصلی
¿De quiénes son las tumbas junto a las que permanecen los habitantes?	Whose graves do the inhabitants stay beside?	قبر چه کسانی کنار اهالی است؟
sus deudos	their loved ones	خویشاوندانشان
sus vecinos	their neighbors	همسایگانشان
los santos	the saints	قدیسان
los fundadores	the founders	پایه‌گذاران
¿En medio de qué permanecen los habitantes junto a las tumbas?	Amid what do the inhabitants stay beside the graves?	اهالی در میان چه چیزی کنار قبرها می‌مانند؟
en medio de oraciones y cantos	amid prayers and songs	در میان دعاها و سرودها
en medio de lágrimas y gritos	amid tears and shouts	در میان اشک‌ها و فریادها
en medio de un silencio absoluto	inside absolute silence	در سکوتی مطلق
en medio de música y baile	amid music and dance	در میان موسیقی و رقص
¿Qué alumbrará a las ánimas?	What will light the way for the souls?	چه چیزی راه روح‌ها را روشن می‌کند؟
la luz de las velas	the light of the candles	نور شمع‌ها
la luz de la luna	the light of the moon	نور ماه
la luz del panteón	the light of the cemetery	نور گورستان
la luz de las lámparas	the light of the lamps	نور چراغ‌ها
¿A quiénes alumbrará la luz de las velas?	The light of the candles will light the way for whom?	نور شمع‌ها راه را برای چه کسی روشن می‌کند؟
a las ánimas	the souls	روح‌ها
a los sacerdotes	the priests	کاهنان
¿En qué camino alumbrarán las velas a las ánimas?	On what road will the candles light the way for the souls?	شمع‌ها راه روح‌ها را در کدام مسیر روشن می‌کنند؟
en su camino de regreso	on their road back	در مسیر بازگشت
en su camino al cielo	on their road to heaven	در مسیر بهشت
en su camino al pueblo	on their road to the town	در مسیر روستا
en su camino al altar	on their road to the altar	در مسیر مذبح
¿Cuándo permanecen los habitantes al lado de las tumbas?	When do the inhabitants stay beside the graves?	اهالی چه زمانی کنار قبرها می‌مانند؟
Durante esa noche	During that night	در آن شب
Durante todo el día	During the whole day	در تمام روز
Durante la mañana	During the morning	در صبح
Durante la semana	During the week	در طول هفته
¿Mientras qué alumbra la luz de las velas a las ánimas?	While what does the light of the candles shine for the souls?	نور شمع‌ها هنگام چه چیزی روح‌ها را روشن می‌کند؟
Mientras transcurre la noche	As the night passes	هرچه شب می‌گذرد
Mientras termina la fiesta	As the party ends	هرچه جشن به پایان می‌رسد
Mientras llega el día	As the day arrives	هرچه روز می‌رسد
Mientras suenan las campanas	As the bells sound	هنگامی که ناقوس‌ها به صدا درمی‌آیند
¿Qué hacen los habitantes mientras transcurre la noche?	What do the inhabitants do as the night passes?	اهالی با گذشت شب چه می‌کنند؟
permanecen al lado de las tumbas de sus deudos	stay beside the graves of their loved ones	کنار قبر خویشاوندانشان می‌مانند
regresan a sus casas a dormir	go back home to sleep	به خانه بازمی‌گردند و می‌خوابند
comparten los alimentos de las ofrendas	share the food of the offerings	غذاهای پیشکش را تقسیم می‌کنند
cantan hasta el amanecer	sing until dawn	تا سپیده‌دم می‌خوانند
¿De qué pueblo son los habitantes que permanecen junto a las tumbas?	The inhabitants who stay beside the graves are of which town?	آن اهالی که کنار قبرها می‌مانند اهل کدام روستا هستند؟
Mixquic	Mixquic	میسکیک
Además de oraciones, ¿qué más hay durante esa noche junto a las tumbas?	Besides prayers, what else is there during that night beside the graves?	جز دعا، آن شب کنار قبرها چه چیز دیگری هست؟
cantos	songs	سرودها
bailes	dances	رقص‌ها
flores	flowers	گل‌ها
campanas	bells	ناقوس‌ها
Hace mucho, pero mucho tiempo, Itzamná decidió crear una tierra que fuera tan hermosa que todo aquél que la conociera quisiera vivir allí, enamorado de su belleza. Entonces creó El Mayab, la tierra de los elegidos, y sembró en ella las más bellas flores que adornaran los caminos, creó enormes cenotes cuyas aguas cristalinas reflejaran la luz del sol y también profundas cavernas llenas de misterio.	A long, long time ago, Itzamna decided to create a land so beautiful that everyone who knew it would want to live there, in love with its beauty. Then he created El Mayab, the land of the chosen, and he sowed in it the most beautiful flowers to adorn the paths, he created enormous cenotes whose crystal-clear waters would reflect the light of the sun, and also deep caverns full of mystery.	زمانی بسیار بسیار دور، ایتزمنه تصمیم گرفت سرزمینی بیافریند آن‌قدر زیبا که هر کس آن را می‌شناخت دوست داشت آنجا زندگی کند و شیفتهٔ زیبایی‌اش شود. آنگاه المایاب، سرزمین برگزیدگان، را آفرید و زیباترین گل‌ها را در آن کاشت تا آرایهٔ راه‌ها باشند، سنوته‌های بزرگی آفرید که آب‌های زلالشان نور خورشید را بازتاب دهند و همچنین غارهای ژرفی سرشار از راز.
¿Cuándo decidió Itzamná crear una tierra tan hermosa?	When did Itzamna decide to create a land so beautiful?	ایتزمنه چه زمانی تصمیم گرفت سرزمینی آن‌قدر زیبا بیافریند؟
Hace mucho, pero mucho tiempo	A long, long time ago	زمانی بسیار بسیار دور
Hace pocos años	A few years ago	چند سال پیش
Al llegar los españoles	Upon the arrival of the spaniards	با آمدن اسپانیایی‌ها
Durante el imperio maya	During the mayan empire	در زمان امپراتوری مایا
¿Quién decidió crear una tierra tan hermosa?	Who decided to create a land so beautiful?	چه کسی تصمیم گرفت سرزمینی آن‌قدر زیبا بیافریند؟
Itzamná	Itzamna	ایتزمنه
Kukulkán	Kukulkan	کوکولکان
Chaac	Chaac	چاک
¿Qué decidió crear Itzamná?	What did Itzamna decide to create?	ایتزمنه تصمیم گرفت چه چیزی بیافریند؟
una tierra	a land	سرزمینی
un reino de guerreros	a kingdom of warriors	پادشاهی جنگجویان
una ciudad de piedra	a city of stone	شهری سنگی
un mar de aguas tibias	a sea of warm waters	دریایی با آب‌های گرم
¿Cómo debía ser la tierra que quiso crear Itzamná?	How did the land that Itzamna wanted to create have to be?	آن سرزمینی که ایتزمنه می‌خواست بیافریند باید چگونه می‌بود؟
tan hermosa que todo aquél que la conociera quisiera vivir allí	so beautiful that everyone who knew it would want to live there	آن‌قدر زیبا که هر کس آن را می‌شناخت دوست داشت آنجا زندگی کند
tan grande que abarcara todo el sur	so large that it covered all the south	آن‌قدر پهناور که تمام جنوب را در بر گیرد
tan rica que tuviera oro y jade	so rich that it had gold and jade	آن‌قدر ثروتمند که طلا و یشم داشت
tan alta que tocara las nubes	so high that it touched the clouds	آن‌قدر بلند که ابرها را لمس می‌کرد
¿De qué se enamoraría quien conociera la tierra creada por Itzamná?	What would someone who knew the land created by Itzamna fall in love with?	کسی که آن سرزمین ایتزمنه را می‌شناخت شیفتهٔ چه چیزی می‌شد؟
de su belleza	its beauty	زیبایی‌اش
de sus riquezas	its riches	ثروتش
de sus selvas	its jungles	جنگل‌هایش
de sus lagos	its lakes	دریاچه‌هایش
¿Qué creó Itzamná entonces?	What did Itzamna create then?	ایتزمنه آنگاه چه چیزی آفرید؟
El Mayab	El Mayab	المایاب
El Anáhuac	El Anahuac	آناهواک
El Tamoanchan	El Tamoanchan	تاموآنچان
El Xibalbá	El Xibalba	شیبالبا
¿Cómo llama el texto a El Mayab?	What does the text call El Mayab?	متن المایاب را چه می‌خواند؟
la tierra de los elegidos	the land of the chosen	سرزمین برگزیدگان
la tierra de los mayas	the land of the mayas	سرزمین مایاها
la tierra del sol	the land of the sun	سرزمین خورشید
la tierra prometida	the promised land	سرزمین موعود
¿Qué sembró Itzamná en El Mayab?	What did Itzamna sow in El Mayab?	ایتزمنه در المایاب چه چیزی کاشت؟
las más bellas flores	the most beautiful flowers	زیباترین گل‌ها
los más altos árboles	the tallest trees	بلندترین درختان
las más dulces frutas	the sweetest fruits	شیرین‌ترین میوه‌ها
las más verdes plantas	the greenest plants	سبزترین گیاهان
¿Para qué sembró Itzamná las más bellas flores?	What did Itzamna sow the most beautiful flowers for?	ایتزمنه زیباترین گل‌ها را برای چه چیزی کاشت؟
adornaran los caminos	to adorn the paths	آرایهٔ راه‌ها باشند
perfumaran los templos	to perfume the temples	معبد‌ها را معطر کنند
alegraran los palacios	to gladden the palaces	کاخ‌ها را شاد کنند
cubrieran las montañas	to cover the mountains	کوه‌ها را بپوشانند
¿Qué creó Itzamná con aguas cristalinas?	What did Itzamna create with crystal-clear waters?	ایتزمنه با آب‌های زلال چه چیزی آفرید؟
enormes cenotes	enormous cenotes	سنوته‌های بزرگ
profundos pozos	deep wells	چاه‌های ژرف
grandes lagunas	large lagoons	تالاب‌های بزرگ
hermosos manantiales	warm springs	چشمه‌های گرم
¿Qué reflejarían las aguas cristalinas de los cenotes?	What would the crystal-clear waters of the cenotes reflect?	آب‌های زلال سنوته‌ها چه چیزی را بازتاب می‌دادند؟
la luz del sol	the light of the sun	نور خورشید
el color del cielo	the color of the sky	رنگ آسمان
las estrellas de la noche	the stars of the night	ستاره‌های شب
¿Cómo eran las aguas de los cenotes?	What were the waters of the cenotes like?	آب سنوته‌ها چگونه بود؟
cristalinas	crystal-clear	زلال
tibias	lukewarm	ولرم
oscuras	dark	تیره
saladas	salty	شور
Además de las flores y los cenotes, ¿qué más creó Itzamná?	Besides the flowers and the cenotes, what else did Itzamna create?	جز گل‌ها و سنوته‌ها، ایتزمنه چه چیز دیگری آفرید؟
profundas cavernas llenas de misterio	deep caverns full of mystery	غارهای ژرفی سرشار از راز
altas montañas llenas de nieve	high mountains full of snow	کوه‌های بلندی پر از برف
largos ríos llenos de peces	long rivers full of fish	رودهای بلندی پر از ماهی
espesas selvas llenas de animales	thick jungles full of animals	جنگل‌های انبوهی پر از جانور
¿Cómo eran las cavernas que creó Itzamná?	What were the caverns that Itzamna created like?	غارهایی که ایتزمنه آفرید چگونه بودند؟
profundas	deep	ژرف
pequeñas	small	کوچک
iluminadas	lit	روشن
secas	dry	خشک
¿De qué estaban llenas las cavernas?	What were the caverns full of?	غارها سرشار از چه چیزی بود؟
de misterio	of mystery	راز
de agua	of water	آب
de murciélagos	of bats	خفاش
de tesoros	of treasures	گنج
¿Cómo eran los cenotes que creó Itzamná?	What were the cenotes that Itzamna created like?	سنوته‌هایی که ایتزمنه آفرید چگونه بودند؟
enormes	enormous	بزرگ
pequeños	small	کوچک
cálidos	warm	گرم
Después, Itzamná le entregó la nueva tierra a los mayas y escogió tres animales para que vivieran por siempre en El Mayab y quien pensara en ellos lo recordara de inmediato. Los elegidos por Itzamná fueron el faisán, el venado y la serpiente de cascabel. Los mayas vivieron felices y se encargaron de construir palacios y ciudades de piedra.	Then Itzamna handed the new land over to the mayas and chose three animals so that they would live forever in El Mayab and whoever thought of them would remember it at once. The ones chosen by Itzamna were the pheasant, the deer and the rattlesnake. The mayas lived happily and took charge of building palaces and cities of stone.	سپس ایتزمنه سرزمین تازه را به مایاها سپرد و سه جانور را برگزید تا برای همیشه در المایاب زندگی کنند و هر کس به آنان بیندیشد بی‌درنگ آن سرزمین را به یاد آورد. برگزیدگان ایتزمنه فازان، گوزن و مار زنگی بودند. مایاها شاد زیستند و به ساختن کاخ‌ها و شهرهای سنگی پرداختند.
¿A quiénes les entregó Itzamná la nueva tierra?	To whom did Itzamna hand over the new land?	ایتزمنه آن سرزمین تازه را به چه کسانی سپرد؟
a los mayas	the mayas	مایاها
a los aztecas	to the aztecas	آزتک‌ها
a los toltecas	to the toltecs	تولتک‌ها
a los olmecas	to the olmecans	اولمک‌ها
¿Qué les entregó Itzamná a los mayas?	What did Itzamna hand over to the mayas?	ایتزمنه چه چیزی را به مایاها سپرد؟
la nueva tierra	the new land	سرزمین تازه
el maíz escondido	the hidden corn	ذرت پنهان
las aguas cristalinas	the crystal-clear waters	آب‌های زلال
el fuego sagrado	the sacred fire	آتش مقدس
¿Cuántos animales escogió Itzamná?	How many animals did Itzamna choose?	ایتزمنه چند جانور را برگزید؟
tres animales	three animals	سه جانور
dos animales	two animals	دو جانور
cuatro animales	four animals	چهار جانور
cinco animales	five animals	پنج جانور
¿Para qué escogió Itzamná tres animales?	What did Itzamna choose three animals for?	ایتزمنه سه جانور را برای چه چیزی برگزید؟
para que vivieran por siempre en El Mayab	so that they would live forever in El Mayab	تا برای همیشه در المایاب زندگی کنند
para que cuidaran los cenotes	so that they would guard the cenotes	تا از سنوته‌ها نگهبانی کنند
para que guiaran a los viajeros	so that they would guide the travelers	تا مسافران را راهنمایی کنند
para que protegieran las cavernas	so that they would guard the caverns	تا از غارها نگهبانی کنند
¿Por cuánto tiempo vivirían los animales escogidos en El Mayab?	For how long would the chosen animals live in El Mayab?	آن جانوران برگزیده چه مدتی در المایاب زندگی می‌کردند؟
por siempre	forever	برای همیشه
por muchos años	for many years	برای سال‌های بسیار
hasta la conquista	until the conquest	تا زمان فتح
por una luna	for one moon	به اندازهٔ یک ماه
Según el texto, quien pensara en los animales elegidos, ¿qué haría?	According to the text, what would whoever thought of the chosen animals do?	بر اساس متن، هر کس به آن جانوران برگزیده بیندیشد چه می‌کرد؟
lo recordara de inmediato	remember it at once	بی‌درنگ آن سرزمین را به یاد آورد
se perdería en la selva	he would get lost in the jungle	در جنگل گم می‌شد
tendría buena suerte	he would have good luck	خوش‌اقبال می‌شد
viviría para siempre	he would live forever	برای همیشه زنده می‌ماند
¿Quiénes fueron los elegidos por Itzamná?	Who were the ones chosen by Itzamna?	برگزیدگان ایتزمنه چه کسانی بودند؟
el faisán, el venado y la serpiente de cascabel	the pheasant, the deer and the rattlesnake	فازان، گوزن و مار زنگی
el águila, el jaguar y la tortuga	the eagle, the jaguar and the turtle	عقاب، جگوار و لاک‌پشت
el colibrí, el mono y la iguana	the hummingbird, the monkey and the iguana	مگس‌خوار، میمون و ایگوانا
el quetzal, el tapir y el cocodrilo	the quetzal, the tapir and the crocodile	کتزال، تاپیر و تمساح
Además del venado y la serpiente de cascabel, ¿qué otro animal fue elegido por Itzamná?	Besides the deer and the rattlesnake, which other animal was chosen by Itzamna?	جز گوزن و مار زنگی، کدام جانور دیگر را ایتزمنه برگزید؟
el faisán	the pheasant	فازان
el quetzal	the quetzal	کتزال
el colibrí	the hummingbird	مگس‌خوار
el águila	the eagle	عقاب
Además del faisán y la serpiente de cascabel, ¿qué otro animal fue elegido por Itzamná?	Besides the pheasant and the rattlesnake, which other animal was chosen by Itzamna?	جز فازان و مار زنگی، کدام جانور دیگر را ایتزمنه برگزید؟
el venado	the deer	گوزن
el jaguar	the jaguar	جگوار
el mono	the monkey	میمون
el tapir	the tapir	تاپیر
Además del faisán y el venado, ¿qué otro animal fue elegido por Itzamná?	Besides the pheasant and the deer, which other animal was chosen by Itzamna?	جز فازان و گوزن، کدام جانور دیگر را ایتزمنه برگزید؟
la serpiente de cascabel	the rattlesnake	مار زنگی
la tortuga	the turtle	لاک‌پشت
la iguana	the iguana	ایگوانا
la araña	the spider	عنکبوت
¿Cómo vivieron los mayas?	How did the mayas live?	مایاها چگونه زندگی کردند؟
¿Qué se encargaron de construir los mayas?	What did the mayas take charge of building?	مایاها ساختن چه چیزی را بر عهده گرفتند؟
palacios y ciudades de piedra	palaces and cities of stone	کاخ‌ها و شهرهای سنگی
templos y torres de madera	temples and towers of wood	معبد‌ها و برج‌های چوبی
casas y puentes de barro	houses and bridges of mud	خانه‌ها و پل‌های گلی
pirámides y plazas de arena	pyramids and plazas of sand	اهرام و میدان‌های شنی
¿De qué material eran las ciudades que construyeron los mayas?	What material were the cities built by the mayas made of?	شهرهایی که مایاها ساختند از چه جنسی بودند؟
de piedra	of stone	سنگ
de madera	of wood	چوب
de barro	of mud	گل
de paja	of straw	کاه
¿Quiénes vivieron felices y se encargaron de construir palacios y ciudades de piedra?	Who lived happily and took charge of building palaces and cities of stone?	چه کسانی شاد زیستند و ساختن کاخ‌ها و شهرهای سنگی را بر عهده گرفتند؟
Los mayas	The mayas	مایاها
Los aztecas	The aztecas	آزتک‌ها
Los toltecas	The toltecs	تولتک‌ها
Los zapotecas	The zapotecs	ساپوتک‌ها
¿Quién escogió al faisán, al venado y a la serpiente de cascabel?	Who chose the pheasant, the deer and the rattlesnake?	چه کسی فازان، گوزن و مار زنگی را برگزید؟
Huracán	Huracan	هوراکان
Mientras, los animales que escogió Itzamná no se cansaban de recorrer El Mayab. El faisán volaba hasta los árboles más altos y su grito era tan poderoso que podían escucharle todos los habitantes de esa tierra. El venado corría ligero como el viento y la serpiente movía sus cascabeles para producir música a su paso.	Meanwhile, the animals that Itzamna chose never tired of traveling through El Mayab. The pheasant flew up to the highest trees and its cry was so powerful that all the inhabitants of that land could hear it. The deer ran light as the wind and the snake moved its rattles to produce music as it passed.	در آن حال، جانورانی که ایتزمنه برگزیده بود از گشت‌وگذار در المایاب خسته نمی‌شدند. فازان تا بلندترین درختان پرواز می‌کرد و فریادش آن‌قدر نیرومند بود که همهٔ اهالی آن سرزمین آن را می‌شنیدند. گوزن چون باد سبک می‌دوید و مار زنگولک‌هایش را به جنبش درمی‌آورد تا بر سر راهش موسیقی بسازد.
¿Qué no se cansaban de recorrer los animales que escogió Itzamná?	What did the animals chosen by Itzamna never tire of traveling through?	آن جانورانی که ایتزمنه برگزید از گشت‌وگذار در کجا خسته نمی‌شدند؟
las cavernas	the caverns	غارها
los cenotes	the cenotes	سنوته‌ها
¿Quiénes no se cansaban de recorrer El Mayab?	Who never tired of traveling through El Mayab?	چه کسانی از گشت‌وگذار در المایاب خسته نمی‌شدند؟
los animales que escogió Itzamná	the animals that Itzamna chose	جانورانی که ایتزمنه برگزیده بود
los habitantes de los palacios	the inhabitants of the palaces	اهالی کاخ‌ها
los guerreros de las ciudades	the warriors of the cities	جنگجویان شهرها
los sacerdotes de los templos	the priests of the temples	کاهنان معبد‌ها
¿Hasta dónde volaba el faisán?	How high did the pheasant fly?	فازان تا کجا پرواز می‌کرد؟
hasta los árboles más altos	up to the highest trees	تا بلندترین درختان
hasta las nubes del cielo	up to the clouds of the sky	تا ابرهای آسمان
hasta las copas de las ceibas	up to the treetops of the ceibas	تا نوک درختان سبا
hasta lo alto de las montañas	up to the top of the mountains	تا قلهٔ کوه‌ها
¿Qué animal volaba hasta los árboles más altos?	Which animal flew up to the highest trees?	کدام جانور تا بلندترین درختان پرواز می‌کرد؟
El faisán	The pheasant	فازان
El venado	The deer	گوزن
La serpiente	The snake	مار
El águila	The eagle	عقاب
¿Qué era tan poderoso en el faisán?	What was so powerful in the pheasant?	در فازان چه چیزی آن‌قدر نیرومند بود؟
su grito	its cry	فریادش
su vuelo	its flight	پروازش
su plumaje	its plumage	پَرهایش
su velocidad	its speed	سرعتش
¿Cómo era el grito del faisán?	How was the cry of the pheasant?	فریاد فازان چگونه بود؟
poderoso	powerful	نیرومند
suave	soft	نرم
lejano	distant	دور
alegre	joyful	شاد
¿Quiénes podían escuchar el grito del faisán?	Who could hear the cry of the pheasant?	چه کسی می‌توانست فریاد فازان را بشنود؟
todos los habitantes de esa tierra	all the inhabitants of that land	همهٔ اهالی آن سرزمین
solo los animales del bosque	only the animals of the forest	تنها جانوران جنگل
solo los mayas elegidos	only the chosen mayas	تنها مایاهای برگزیده
los habitantes de otras tierras	the inhabitants of other lands	اهالی سرزمین‌های دیگر
¿Cómo corría el venado?	How did the deer run?	گوزن چگونه می‌دوید؟
ligero como el viento	light as the wind	چون باد سبک
rápido como el rayo	fast as lightning	چون صاعقه سریع
suave como el agua	soft as water	چون آب نرم
fuerte como la piedra	strong as stone	چون سنگ محکم
¿Qué animal corría ligero como el viento?	Which animal ran light as the wind?	کدام جانور چون باد سبک می‌دوید؟
El jaguar	The jaguar	جگوار
¿Qué movía la serpiente?	What did the snake move?	مار چه چیزی را تکان می‌داد؟
sus cascabeles	its rattles	زنگولک‌هایش
su cola	its tail	دمش
su cabeza	its head	سرش
su piel	its skin	پوستش
¿Para qué movía sus cascabeles la serpiente?	Why did the snake move its rattles?	مار چرا زنگولک‌هایش را تکان می‌داد؟
para producir música a su paso	to produce music as it passed	تا بر سر راهش موسیقی بسازد
para avisar del peligro	to warn of danger	تا خطر را هشدار دهد
para marcar su territorio	to mark its territory	تا قلمرو خود را مشخص کند
para atraer a otros animales	to attract other animals	تا جانوران دیگر را جلب کند
¿Qué animal producía música a su paso?	Which animal produced music as it passed?	کدام جانور بر سر راهش موسیقی می‌ساخت؟
la serpiente	the snake	مار
el pájaro	the bird	پرنده
¿Qué producía la serpiente al mover sus cascabeles?	What did the snake produce by moving its rattles?	مار با تکان دادن زنگولک‌هایش چه چیزی می‌ساخت؟
música	music	موسیقی
miedo	fear	هراس
ecos	echoes	پژواک‌ها
¿Qué hacía el venado según el texto?	What did the deer do according to the text?	بر اساس متن، گوزن چه می‌کرد؟
corría	ran	می‌دوید
saltaba	jumped	می‌پرید
volaba	flew	پرواز می‌کرد
nadaba	swam	شنا می‌کرد
Así era la vida en El Mayab, hasta que un día, los chilam, o sea los adivinos mayas, vieron en el futuro algo que les causó gran tristeza. Entonces, llamaron a todos los habitantes, para anunciar lo siguiente: —Tenemos que dar noticias que les causarán mucha pena. Pronto nos invadirán hombres venidos de muy lejos; traerán armas y pelearán contra nosotros para quitarnos nuestra tierra. Tal vez no podamos defender El Mayab y lo perderemos.	That was life in El Mayab, until one day the chilam, that is, the mayan diviners, saw in the future something that caused them great sadness. Then they called all the inhabitants to announce the following: We have to give news that will cause you much sorrow. Soon men from very far away will invade us; they will bring weapons and fight against us to take our land from us. Perhaps we will not be able to defend El Mayab and we will lose it.	چنین بود زندگی در المایاب، تا آنکه روزی، چیلام، یعنی پیشگویان مایا، در آینده چیزی دیدند که اندوه بزرگی برایشان آورد. آنگاه همهٔ اهالی را خواندند تا چنین اعلام کنند: باید خبرهایی بدهیم که اندوهی بسیار بر شما خواهد آورد. به‌زودی مردمانی از جای بسیار دور به ما حمله خواهند کرد؛ سلاح خواهند آورد و با ما خواهند جنگید تا سرزمینمان را از ما بگیرند. شاید نتوانیم از المایاب دفاع کنیم و آن را از دست بدهیم.
¿Quiénes eran los chilam?	Who were the chilam?	چیلام چه کسانی بودند؟
los adivinos mayas	the mayan diviners	پیشگویان مایا
los guerreros mayas	the mayan warriors	جنگجویان مایا
los sacerdotes aztecas	the aztec priests	کاهنان آزتک
los curanderos del pueblo	the healers of the town	طبیبان روستا
¿Qué vieron los chilam en el futuro?	What did the chilam see in the future?	چیلام در آینده چه چیزی دیدند؟
algo que les causó gran tristeza	something that caused them great sadness	چیزی دیدند که اندوه بزرگی برایشان آورد
algo que les causó gran alegría	something that caused them great joy	چیزی دیدند که شادی بزرگی برایشان آورد
una época de paz y riqueza	an era of peace and wealth	دوره‌ای از صلح و رفاه
la llegada de los dioses	the arrival of the gods	آمدن خدایان
¿Dónde vieron los chilam lo que les causó gran tristeza?	Where did the chilam see what caused them great sadness?	چیلام آن چیزی که اندوه بزرگی برایشان آورد کجا دیدند؟
en el futuro	in the future	در آینده
en las estrellas	in the stars	در ستاره‌ها
en los cenotes	in the cenotes	در سنوته‌ها
en las cavernas	in the caverns	در غارها
¿Qué les causó a los chilam lo que vieron?	What did what they see cause the chilam?	آنچه دیدند چه چیزی در چیلام پدید آورد؟
gran tristeza	great sadness	اندوه بزرگی
gran alegría	great joy	شادی بزرگی
gran enojo	great anger	خشم بزرگی
gran miedo	great fear	هراس بزرگی
¿A quiénes llamaron los chilam?	Whom did the chilam call?	چیلام چه کسانی را خواندند؟
a todos los habitantes	all the inhabitants	همهٔ اهالی
a los guerreros del Mayab	the warriors of the Mayab	جنگجویان مایاب
a los sacerdotes de los templos	the priests of the temples	کاهنان معبد‌ها
a los animales elegidos	the chosen animals	جانوران برگزیده
¿Para qué llamaron los chilam a todos los habitantes?	Why did the chilam call all the inhabitants?	چیلام چرا همهٔ اهالی را خواندند؟
para anunciar lo siguiente	to announce the following	تا چنین اعلام کنند
para organizar la defensa	to organize the defense	تا از خود دفاع سازمان دهند
para preparar la huida	to prepare the flight	تا برای گریختن آماده شوند
para rezar en los templos	to pray in the temples	تا در معبد‌ها نماز بخوانند
¿Qué causarán las noticias que dieron los chilam?	What will the news given by the chilam cause?	خبرهایی که چیلام دادند چه چیزی پدید خواهد آورد؟
mucha pena	much sorrow	اندوهی بسیار
mucho miedo	much fear	هراسی بسیار
mucha alegría	much joy	شادی بسیار
mucha sorpresa	much surprise	تعجبی بسیار
Según los chilam, ¿quiénes los invadirán pronto?	According to the chilam, who will invade them soon?	بر اساس گفتۀ چیلام، چه کسانی به‌زودی به آنان حمله خواهند کرد؟
hombres venidos de muy lejos	men from very far away	مردمانی از جای بسیار دور
guerreros de los pueblos vecinos	warriors from neighboring towns	جنگجویان روستاهای همسایه
soldados de las montañas	soldiers from the mountains	سربازان کوه‌ها
viajeros de las islas del mar	travelers from the islands of the sea	مسافران جزیره‌های دریا
¿De dónde vendrán los hombres que invadirán?	Where will the men who invade come from?	آن مردمانی که حمله خواهند کرد از کجا می‌آیند؟
de muy lejos	from very far away	از جای بسیار دور
de las montañas	from the mountains	از کوه‌ها
de las costas	from the coasts	از ساحل‌ها
de los valles	from the valleys	از دره‌ها
¿Cuándo llegarán los invasores según el anuncio de los chilam?	When will the invaders arrive, according to the announcement of the chilam?	بر اساس اعلام چیلام، مهاجمان چه زمانی می‌رسند؟
Pronto	Soon	به‌زودی
En muchos años	In many years	پس از سال‌های بسیار
Nunca	Never	هرگز
Al final de los tiempos	At the end of times	در پایان روزگار
¿Qué traerán los hombres que invadirán?	What will the men who invade bring?	مردمانی که حمله می‌کنند چه چیزی خواهند آورد؟
armas	weapons	سلاح
tesoros	treasures	گنج‌ها
alimentos	foods	غذاها
medicinas	medicines	داروها
¿Contra quiénes pelearán los invasores?	Against whom will the invaders fight?	مهاجمان با چه کسانی خواهند جنگید؟
contra nosotros	against us	با ما
contra los dioses	against the gods	با خدایان
contra otros pueblos	against other peoples	با مردمان دیگر
contra los animales	against the animals	با جانوران
¿Para qué pelearán los invasores contra nosotros?	What will the invaders fight against us for?	مهاجمان چرا با ما خواهند جنگید؟
para quitarnos nuestra tierra	to take our land from us	تا سرزمینمان را از ما بگیرند
para robar los tesoros	to steal the treasures	تا گنج‌ها را بدزدند
para apoderarse del agua	to seize the water	تا آب را تصاحب کنند
para esclavizar a los niños	to enslave the children	تا کودکان را بردگی گیرند
¿Qué tal vez no puedan hacer los mayas según los chilam?	What may the mayas not be able to do, according to the chilam?	بر اساس گفتۀ چیلام، مایاها شاید چه چیزی را نتوانند انجام دهند؟
defender El Mayab	defend El Mayab	از المایاب دفاع کنیم
escapar de la selva	escape from the jungle	از جنگل بگریزند
ocultar los tesoros	hide the treasures	گنج‌ها را پنهان کنند
pedir ayuda a los dioses	ask the gods for help	از خدایان یاری بخواهند
Según el anuncio de los chilam, ¿qué perderán los mayas?	According to the announcement of the chilam, what will the mayas lose?	بر اساس اعلام چیلام، مایاها چه چیزی را از دست خواهند داد؟
sus cenotes	their cenotes	سنوته‌هایشان
sus templos	their temples	معبد‌هایشان
sus animales	their animals	جانوران‌شان
¿Hasta cuándo era así la vida en El Mayab?	Until when was life like this in El Mayab?	تا چه زمانی زندگی در المایاب چنین بود؟
hasta que un día	until one day	تا آنکه روزی
hasta la llegada de los dioses	until the arrival of the gods	تا آمدن خدایان
hasta el fin de los tiempos	until the end of times	تا پایان روزگار
¿Quiénes anunciaron la invasión a todos los habitantes?	Who announced the invasion to all the inhabitants?	چه کسی یورش را به همهٔ اهالی اعلام کرد؟
los chilam	the chilam	چیلام
los caciques	the chiefs	رؤسا
los guerreros	the warriors	جنگجویان
los sacerdotes	the priests	کاهنان
Según su anuncio, ¿qué tenían que dar los chilam a los habitantes?	According to their announcement, what did the chilam have to give the inhabitants?	بر اساس اعلامشان، چیلام چه چیزی باید به اهالی می‌دادند؟
noticias	news	خبرهایی
consejos	advice	پندها
regalos	gifts	هدیه‌ها
órdenes	orders	فرمان‌ها
Al oír las palabras de los chilam, el faisán huyó de inmediato a la selva y se escondió entre las yerbas, pues prefirió dejar de volar para que los invasores no lo encontraran.	When it heard the words of the chilam, the pheasant fled at once to the jungle and hid among the grasses, for it preferred to stop flying so that the invaders would not find it.	هنگامی که فازان سخنان چیلام را شنید، بی‌درنگ به جنگل گریخت و میان علف‌ها پنهان شد، زیرا ترجیح داد پرواز را ترک گوید تا مهاجمان او را نیابند.
¿Qué palabras oyó el faisán?	What words did the pheasant hear?	فازان سخنان چه کسانی را شنید؟
las palabras de los chilam	the words of the chilam	سخنان چیلام
las palabras de Itzamná	the words of Itzamna	سخنان ایتزمنه
las palabras de los mayas	the words of the mayas	سخنان مایاها
las palabras de los dioses	the words of the gods	سخنان خدایان
¿Quién huyó a la selva al oír las palabras de los chilam?	Who fled to the jungle when he heard the words of the chilam?	چه کسی هنگام شنیدن سخنان چیلام به جنگل گریخت؟
¿A dónde huyó el faisán?	Where did the pheasant flee to?	فازان به کجا گریخت؟
a la selva	to the jungle	به جنگل
a las cavernas	to the caverns	به غارها
a los cenotes	to the cenotes	به سنوته‌ها
¿Dónde se escondió el faisán?	Where did the pheasant hide?	فازان کجا پنهان شد؟
entre las yerbas	among the grasses	میان علف‌ها
entre las rocas	among the rocks	میان سنگ‌ها
entre las flores	among the flowers	میان گل‌ها
entre los árboles	among the trees	میان درختان
¿Cuándo huyó el faisán a la selva?	When did the pheasant flee to the jungle?	فازان چه زمانی به جنگل گریخت؟
de inmediato	at once	بی‌درنگ
después de unos días	after a few days	پس از چند روز
con mucha calma	with much calm	با آرامش بسیار
al caer la noche	at nightfall	هنگام فرود شب
¿Para qué prefirió dejar de volar el faisán?	Why did the pheasant prefer to stop flying?	چرا فازان ترجیح داد پرواز نکند؟
para que los invasores no lo encontraran	so that the invaders would not find it	تا مهاجمان او را نیابند
para esperar tiempos mejores	to wait for better times	تا روزگار بهتری را در انتظار بماند
para cuidar a los demás animales	to take care of the other animals	تا از جانوران دیگر نگهداری کند
para vivir tranquilo en la selva	to live peacefully in the jungle	تا در جنگل آسوده زندگی کند
Cuando el venado supo que perdería su tierra, sintió una gran tristeza; entonces lloró tanto, que sus lágrimas formaron muchas aguadas. A partir de ese momento, al venado le quedaron los ojos muy húmedos, como si estuviera triste siempre. Sin duda, quien más se enojó al saber de la conquista fue la serpiente de cascabel; ella decidió olvidar su música y luchar con los enemigos; así que creó un nuevo sonido que produce al mover la cola y que ahora usa antes de atacar.	When the deer learned that it would lose its land, it felt great sadness; then it cried so much that its tears formed many watering holes. From that moment on, the deer was left with very wet eyes, as if it were always sad. Without a doubt, the one who grew angry upon learning of the conquest was the rattlesnake; it decided to forget its music and to fight with the enemies, so it created a new sound that it produces by moving its tail and that it now uses before attacking.	هنگامی که گوزن فهمید سرزمینش را از دست خواهد داد، اندوه بزرگی را احساس کرد؛ آنگاه آن‌قدر گریه کرد که اشک‌هایش آبریزهای بسیار را ساخت. از آن لحظه به بعد، چشمان گوزن بسیار تر ماند، گویی همیشه اندوهگین است. بی‌گمان، همان که از شنیدن خبر فتح بیشتر خشمگین شد، مار زنگی بود؛ او تصمیم گرفت موسیقی‌اش را فراموش کند و با دشمنان بجنگد؛ پس صدایی تازه آفرید که با تکان دادن دمش پدید می‌آید و اکنون پیش از حمله از آن بهره می‌گیرد.
¿Qué supo el venado que le causó gran tristeza?	What did the deer learn that caused it great sadness?	گوزن چه چیزی فهمید که اندوه بزرگی بر آن آورد؟
que perdería su tierra	that it would lose its land	سرزمینش را از دست خواهد داد
que llegarían los dioses	that the gods would arrive	که خدایان خواهند رسید
que se secarían los ríos	that the rivers would dry up	که رودها خشک خواهند شد
que morirían los animales	that the animals would die	که جانوران خواهند مرد
¿Quién supo que perdería su tierra?	Who learned that it would lose its land?	چه کسی فهمید که سرزمینش را از دست خواهد داد؟
¿Qué sintió el venado al saber que perdería su tierra?	What did the deer feel when it learned that it would lose its land?	گوزن هنگام فهمیدن اینکه سرزمینش را از دست می‌دهد چه احساسی کرد؟
una gran tristeza	great sadness	اندوه بزرگی
un gran enojo	great anger	خشم بزرگ
un gran miedo	great fear	هراس بزرگ
una gran sorpresa	great surprise	تعجب بزرگ
¿Qué hizo el venado con tanta fuerza por su tristeza?	What did the deer do with all its strength because of its sadness?	گوزن به‌خاطر اندوهش با تمام قوا چه کرد؟
lloró	cried	گریه کرد
gritó	shouted	فریاد زد
huyó	fled	گریخت
cantó	sang	خواند
¿Qué formaron las lágrimas del venado?	What did the tears of the deer form?	اشک‌های گوزن چه چیزی را ساخت؟
muchas aguadas	many watering holes	آبریزهای بسیار
muchos cenotes	many cenotes	سنوته‌های بسیار
muchos ríos	many rivers	رودهای بسیار
muchos lagos	many lakes	دریاچه‌های بسیار
¿Qué del venado formó muchas aguadas?	What of the deer formed many watering holes?	چه چیزی از گوزن آبریزهای بسیار را ساخت؟
sus lágrimas	its tears	اشک‌هایش
sus ojos	its eyes	چشمانش
sus penas	its sorrows	اندوه‌هایش
sus lluvias	its rains	باران‌هایش
¿Desde cuándo le quedaron los ojos muy húmedos al venado?	Since when was the deer left with very wet eyes?	از چه زمانی چشمان گوزن بسیار تر ماند؟
A partir de ese momento	From that moment on	از آن لحظه به بعد
Desde que nació	Since it was born	از زمان تولدش
Desde siempre	Since always	از همیشه
Desde su huida	Since its flight	از گریختنش
¿Cómo le quedaron los ojos al venado?	What were the eyes of the deer like?	چشمان گوزن چگونه بود؟
muy húmedos	very wet	بسیار تر
muy brillantes	very bright	بسیار درخشان
muy rojos	very red	بسیار سرخ
muy grandes	very large	بسیار درشت
¿A qué animal le quedaron los ojos muy húmedos?	To which animal were very wet eyes left?	چشمان بسیار تر نصیب کدام جانور شد؟
al venado	the deer	گوزن
al faisán	the pheasant	فازان
a la serpiente	the snake	مار
al jabalí	the boar	گراز
¿Cómo se ve el venado desde ese momento, según el texto?	How does the deer look from that moment on, according to the text?	گوزن از آن لحظه به بعد بر اساس متن چگونه به نظر می‌رسد؟
como si estuviera triste siempre	as if it were always sad	همیشه اندوهگین است
como si tuviera miedo	as if it were afraid	گویی می‌ترسد
como si estuviera enfermo	as if it were sick	گویی بیمار است
como si buscara algo	as if it were looking for something	گویی چیزی را می‌جوید
¿Quién más se enojó al saber de la conquista?	Who else grew angry on learning of the conquest?	جز آن، چه کسی از شنیدن خبر فتح خشمگین شد؟
¿Qué le pasó a la serpiente de cascabel al saber de la conquista?	What happened to the rattlesnake when it learned of the conquest?	مار زنگی هنگام شنیدن خبر فتح چه شد؟
se enojó	grew angry	خشمگین شد
se entristeció	grew sad	اندوهگین شد
se escondió	hid	پنهان شد
se alegró	rejoiced	شاد شد
¿Al saber de qué se enojó la serpiente de cascabel?	The rattlesnake grew angry on learning of what?	مار زنگی از شنیدن چه چیزی خشمگین شد؟
de la conquista	of the conquest	فتح
de la tristeza del venado	of the sadness of the deer	اندوه گوزن
de la huida del faisán	of the flight of the pheasant	گریختن فازان
de las palabras de los mayas	of the words of the mayas	سخنان مایاها
¿Qué decidió olvidar la serpiente de cascabel?	What did the rattlesnake decide to forget?	مار زنگی تصمیم گرفت چه چیزی را فراموش کند؟
su música	its music	موسیقی‌اش
su tierra	its land	سرزمینش
su veneno	its venom	زهرش
¿Quién decidió luchar con los enemigos?	Who decided to fight with the enemies?	چه کسی تصمیم گرفت با دشمنان بجنگد؟
¿Qué creó la serpiente de cascabel?	What did the rattlesnake create?	مار زنگی چه چیزی آفرید؟
un nuevo sonido	a new sound	صدایی تازه
una nueva música	a new music	موسیقی تازه
un nuevo veneno	a new venom	زهری تازه
un nuevo cascabel	a new rattle	زنگولکی تازه
¿Cuándo produce la serpiente de cascabel el nuevo sonido?	When does the rattlesnake produce the new sound?	مار زنگی آن صدای تازه را چه زمانی می‌سازد؟
al mover la cola	by moving its tail	با تکان دادن دمش
al respirar	by breathing	با تنفس
al esconderse	by hiding	با پنهان شدن
al enrollarse	by coiling up	با حلقه زدن
¿Cuándo usa la serpiente de cascabel su nuevo sonido?	When does the rattlesnake use its new sound?	مار زنگی از صدای تازهٔ خود چه زمانی بهره می‌گیرد؟
antes de atacar	before attacking	پیش از حمله
después de comer	after eating	پس از خوردن
al dormir	when sleeping	هنگام خواب
al huir	when fleeing	هنگام گریختن
Además de olvidar su música, ¿qué decidió hacer la serpiente de cascabel?	Besides forgetting its music, what did the rattlesnake decide to do?	جز فراموش کردن موسیقی‌اش، مار زنگی چه کار دیگری تصمیم گرفت؟
luchar con los enemigos	to fight with the enemies	با دشمنان بجنگد
esconderse en la selva	hide in the jungle	در جنگل پنهان شود
avisar a los habitantes	warn the inhabitants	اهالی را آگاه کند
escapar de la tierra	escape from the land	از سرزمین بگریزد
Como dijeron los chilam, los extranjeros conquistaron El Mayab. Pero aún así, un famoso adivino maya anunció que los tres animales elegidos por Itzamná cumplirán una importante misión en su tierra. Los mayas aún recuerdan las palabras que una vez dijo:	As the chilam said, the foreigners conquered El Mayab. But even so, a famous mayan diviner announced that the three animals chosen by Itzamna will fulfill an important mission in their land. The mayas still remember the words that he once said:	چنان‌که چیلام گفتند، بیگانگان المایاب را فتح کردند. اما با این حال، پیشگوی نامی مایا اعلام کرد که آن سه جانورِ برگزیدۀ ایتزمنه رسالتی مهم در سرزمینشان انجام خواهند داد. مایاها هنوز سخنانی را که او روزی گفت به یاد دارند:
¿Quiénes conquistaron El Mayab?	Who conquered El Mayab?	چه کسی المایاب را فتح کرد؟
los extranjeros	the foreigners	بیگانگان
¿Qué conquistaron los extranjeros?	What did the foreigners conquer?	بیگانگان چه چیزی را فتح کردند؟
las ciudades de piedra	the cities of stone	شهرهای سنگی
¿Qué ocurrió tal como dijeron los chilam?	What happened just as the chilam had said?	چه چیزی چنان‌که چیلام گفته بودند رخ داد؟
los extranjeros conquistaron El Mayab	the foreigners conquered El Mayab	بیگانگان المایاب را فتح کردند
los mayas vencieron a los extranjeros	the mayas defeated the foreigners	مایاها بیگانگان را شکست دادند
los animales huyeron de la tierra	the animals fled from the land	جانوران از سرزمین گریختند
los dioses abandonaron El Mayab	the gods abandoned El Mayab	خدایان المایاب را رها کردند
¿Quiénes habían dicho lo que ocurrió con El Mayab?	Who had said what happened to El Mayab?	چه کسی آنچه بر المایاب گذشت پیش‌تر گفته بود؟
¿Quién anunció la importante misión de los tres animales?	Who announced the important mission of the three animals?	چه کسی رسالت مهم آن سه جانور را اعلام کرد؟
un famoso adivino maya	a famous mayan diviner	پیشگوی نامی مایا
un antiguo cacique maya	an ancient mayan chief	رئیس کهن مایا
un sacerdote de los templos	a priest of the temples	کاهن معبد‌ها
un guerrero de las ciudades	a warrior of the cities	جنگجوی شهرها
¿Qué anunció el famoso adivino maya?	What did the famous mayan diviner announce?	آن پیشگوی نامی مایا چه اعلام کرد؟
que los tres animales elegidos por Itzamná cumplirán una importante misión en su tierra	that the three animals chosen by Itzamna will fulfill an important mission in their land	که آن سه جانورِ برگزیدۀ ایتزمنه رسالتی مهم در سرزمینشان انجام خواهند داد
que los dioses volverían a crear la tierra	that the gods would create the land again	که خدایان دوباره سرزمین را می‌آفرینند
que los extranjeros se irían pronto	that the foreigners would leave soon	که بیگانگان به‌زودی خواهند رفت
que los animales desaparecerían para siempre	that the animals would disappear forever	که جانوران برای همیشه ناپدید خواهند شد
¿Quiénes cumplirán una importante misión según el adivino maya?	Who will fulfill an important mission, according to the mayan diviner?	بر اساس گفتۀ پیشگوی مایا، چه کسانی رسالتی مهم انجام خواهند داد؟
los tres animales elegidos por Itzamná	the three animals chosen by Itzamna	آن سه جانورِ برگزیدۀ ایتزمنه
los mayas de las ciudades	the mayas of the cities	مایاهای شهرها
los chilam de El Mayab	the chilam of El Mayab	چیلام‌های المایاب
los dioses de las cavernas	the gods of the caverns	خدایان غارها
¿Qué cumplirán en su tierra los tres animales elegidos por Itzamná?	What will the three animals chosen by Itzamna fulfill in their land?	آن سه جانورِ برگزیدۀ ایتزمنه در سرزمینشان چه چیزی را انجام خواهند داد؟
una importante misión	an important mission	رسالتی مهم
una larga espera	a long wait	انتظاری طولانی
una antigua promesa	an ancient promise	وعده‌ای کهن
una dura batalla	a hard battle	نبردی سخت
¿Quién eligió a los tres animales de la importante misión?	Who chose the three animals of the important mission?	چه کسی آن سه جانور را برای رسالت مهم برگزید؟
el adivino	the diviner	پیشگو
¿Qué recuerdan aún los mayas?	What do the mayas still remember?	مایاها هنوز چه چیزی را به یاد دارند؟
las palabras que una vez dijo	the words that he once said	سخنانی را که او روزی گفت
las canciones de los templos	the songs of the temples	سرودهای معبد‌ها
las historias de los dioses	the stories of the gods	داستان‌های خدایان
las voces de los ancianos	the voices of the elderly	صدای پیران
¿Quiénes aún recuerdan las palabras que una vez dijo el adivino?	Who still remember the words that the diviner once said?	چه کسانی هنوز سخنانی را که پیشگو روزی گفت به یاد دارند؟
Los extranjeros	The foreigners	بیگانگان
—Mientras las ceibas estén en pie y las cavernas de El Mayab sigan abiertas, habrá esperanza. Llegará el día en que recobraremos nuestra tierra, entonces los mayas deberán reunirse y combatir. Sabrán que la fecha ha llegado cuando reciban tres señales. La primera será del faisán, quien volará sobre los árboles más altos y su sombra podrá verse en todo El Mayab. La segunda señal la traerá el venado, pues atravesará esta tierra de un solo salto. La tercera mensajera será la serpiente de cascabel, que producirá música de nuevo y ésta se oirá por todas partes. Con estas tres señales, los animales avisarán a los mayas que es tiempo de recuperar la tierra que les quitaron.	As long as the ceibas stand and the caverns of El Mayab remain open, there will be hope. The day will come when we recover our land, and then the mayas must gather and fight. They will know that the date has arrived when they receive three signs. The first will be of the pheasant, which will fly over the highest trees and its shadow will be seen in all of El Mayab. The second sign will be brought by the deer, for it will cross this land in a single jump. The third messenger will be the rattlesnake, which will produce music again and it will be heard everywhere. With these three signs, the animals will warn the mayas that it is time to recover the land that was taken from them.	تا زمانی که درختان سبا استوار بایستند و غارهای المایاب باز بمانند، امید خواهد بود. آن روز خواهد رسید که سرزمین خود را پس خواهیم گرفت، آنگاه مایاها باید گرد هم آیند و بجنگند. آنان خواهند دانست که روزگار رسیده است، هنگامی که سه نشانه دریافت کنند. نشانهٔ نخست از فازان خواهد بود که بر بلندترین درختان پرواز می‌کند و سایه‌اش در سراسر المایاب دیده خواهد شد. نشانهٔ دوم را گوزن می‌آورد، زیرا این سرزمین را با یک پرش از آن سو می‌گذراند. سومین پیام‌آور مار زنگی خواهد بود که دوباره موسیقی خواهد ساخت و آن از هر سو شنیده خواهد شد. با این سه نشانه، جانوران به مایاها خبر خواهند داد که وقت آن رسیده است سرزمینی را که از آنان گرفتند پس بگیرند.
¿Qué árboles deben seguir en pie para que haya esperanza?	Which trees must remain standing so that there is hope?	کدام درختان باید استوار بایستند تا امید باشد؟
las ceibas	the ceibas	درختان سبا
los encinos	the oaks	بلوط‌ها
los cedros	the cedars	درختان سدر
las palmas	the palms	نخل‌ها
¿Qué debe pasar con las ceibas para que haya esperanza?	What must happen with the ceibas so that there is hope?	با درختان سبا چه باید بشود تا امید باشد؟
estén en pie	stand	استوار بایستند
florezcan cada año	bloom every year	هر سال شکوفا شوند
crezcan muy altas	grow very tall	بسیار بلند شوند
den buenos frutos	give good fruit	میوهٔ نیکو دهند
Además de las ceibas, ¿qué debe seguir abierto en El Mayab?	Besides the ceibas, what must remain open in El Mayab?	جز درختان سبا، چه چیزی باید در المایاب باز بماند؟
los caminos	the paths	راه‌ها
los templos	the temples	معبد‌ها
¿Qué deberá seguir abierto según las palabras del anuncio?	What must remain open, according to the words of the announcement?	بر اساس سخنان آن اعلام، چه چیزی باید باز بماند؟
las cavernas de El Mayab	the caverns of El Mayab	غارهای المایاب
los cenotes del Mayab	the cenotes of the Mayab	سنوته‌های مایاب
los caminos de la selva	the paths of the jungle	راه‌های جنگل
los templos de los mayas	the temples of the mayas	معبد‌های مایاها
¿Qué habrá mientras las ceibas estén en pie y las cavernas sigan abiertas?	What will there be as long as the ceibas stand and the caverns remain open?	تا وقتی درختان سبا استوارند و غارها بازند، چه چیزی خواهد بود؟
esperanza	hope	امید
tristeza	sadness	اندوه
guerra	war	جنگ
Según el anuncio, ¿qué recobrarán los mayas cuando llegue el día?	According to the announcement, what will the mayas recover when the day comes?	بر اساس آن اعلام، مایاها هنگام رسیدن آن روز چه چیزی را پس خواهند گرفت؟
nuestra tierra	our land	سرزمین خود
sus ciudades	their cities	شهرهایشان
¿Qué deberán hacer los mayas según el anuncio?	What must the mayas do, according to the announcement?	بر اساس آن اعلام، مایاها چه کاری باید بکنند؟
reunirse y combatir	gather and fight	گرد هم آیند و بجنگند
esconderse y esperar	hide and wait	پنهان شوند و درنگند
huir y ocultarse	flee and conceal themselves	بگریزند و خود را پنهان کنند
sembrar y cosechar	sow and harvest	بکارند و درو کنند
¿Cuántas señales recibirán los mayas?	How many signs will the mayas receive?	مایاها چند نشانه دریافت خواهند کرد؟
tres señales	three signs	سه نشانه
dos señales	two signs	دو نشانه
cuatro señales	four signs	چهار نشانه
siete señales	seven signs	هفت نشانه
¿Cómo sabrán los mayas que la fecha ha llegado?	How will the mayas know that the date has arrived?	مایاها چگونه خواهند فهمید که روزگار رسیده است؟
cuando reciban tres señales	when they receive three signs	هنگامی که سه نشانه دریافت کنند
cuando florezcan las ceibas	when the ceibas bloom	هنگامی که درختان سبا شکوفا شوند
cuando se sequen los cenotes	when the cenotes dry up	هنگامی که سنوته‌ها خشک شوند
cuando canten los pájaros	when the birds sing	هنگامی که پرندگان آواز بخوانند
¿De qué animal será la primera señal?	The first sign will be of which animal?	نشانهٔ نخست از کدام جانور خواهد بود؟
del faisán	of the pheasant	فازان
del venado	of the deer	گوزن
de la serpiente	of the snake	مار
del águila	of the eagle	عقاب
¿Sobre qué volará el faisán en la primera señal?	Over what will the pheasant fly in the first sign?	در نشانهٔ نخست فازان بر چه چیزی پرواز خواهد کرد؟
sobre los árboles más altos	over the highest trees	بر بلندترین درختان
sobre las cavernas abiertas	over the open caverns	بر غارهای باز
sobre los cenotes del Mayab	over the cenotes of the Mayab	بر سنوته‌های مایاب
sobre las ciudades de piedra	over the cities of stone	بر شهرهای سنگی
¿Qué podrá verse del faisán cuando vuele en la primera señal?	What of the pheasant will be able to be seen when it flies in the first sign?	از فازان چه چیزی در نشانهٔ نخست دیده خواهد شد؟
su sombra	its shadow	سایه‌اش
su color	its color	رنگش
su figura	its figure	پیکرش
¿Dónde podrá verse la sombra del faisán?	Where will the shadow of the pheasant be seen?	سایهٔ فازان کجا دیده خواهد شد؟
en todo El Mayab	in all of El Mayab	در سراسر المایاب
en toda la selva	in all the jungle	در تمام جنگل
en todas las cavernas	in all the caverns	در تمام غارها
en todas las ciudades	in all the cities	در تمام شهرها
¿Qué animal traerá la segunda señal?	Which animal will bring the second sign?	کدام جانور نشانهٔ دوم را خواهد آورد؟
¿Cómo atravesará el venado la tierra en la segunda señal?	How will the deer cross the land in the second sign?	گوزن در نشانهٔ دوم سرزمین را چگونه خواهد پیمود؟
de un solo salto	in a single jump	با یک پرش
de un solo vuelo	in a single flight	با یک پرواز
en una sola noche	in a single night	با یک شب
de un solo golpe	in a single blow	با یک ضربه
¿Qué atravesará el venado de un solo salto?	What will the deer cross in a single jump?	گوزن چه چیزی را با یک پرش می‌گذراند؟
esta tierra	this land	این سرزمین
la selva	the jungle	جنگل
el río	the river	رودخانه
¿Qué animal será la tercera mensajera?	Which animal will be the third messenger?	کدام جانور سومین پیام‌آور خواهد بود؟
¿Qué producirá de nuevo la serpiente de cascabel?	What will the rattlesnake produce again?	مار زنگی چه چیزی را دوباره خواهد ساخت؟
su ataque	its attack	حمله‌اش
su cascabel	its rattle	زنگولکش
¿Dónde se oirá la música que producirá de nuevo la serpiente?	Where will the music it produces again be heard?	آن موسیقی که دوباره می‌سازد کجا شنیده خواهد شد؟
por todas partes	everywhere	از هر سو
en la selva	in the jungle	در جنگل
en los pueblos	in the towns	در روستاها
¿Quiénes avisarán a los mayas con las tres señales?	Who will warn the mayas with the three signs?	با آن سه نشانه چه کسی مایاها را آگاه خواهد کرد؟
los animales	the animals	جانوران
los adivinos	the diviners	پیشگویان
los dioses	the gods	خدایان
¿A quiénes avisarán los animales con las tres señales?	Whom will the animals warn with the three signs?	جانوران با آن سه نشانه چه کسی را آگاه خواهند کرد؟
a los extranjeros	the foreigners	بیگانگان
a los invasores	the invaders	یورش‌آوران
Con las tres señales, ¿de qué será tiempo según el aviso a los mayas?	With the three signs, of what will it be time, according to the warning to the mayas?	با آن سه نشانه، بر اساس آن هشدار به مایاها، چه زمانی فرا خواهد رسید؟
de recuperar la tierra que les quitaron	to recover the land that was taken from them	سرزمینی را که از آنان گرفتند پس بگیرند
de abandonar El Mayab	to abandon El Mayab	المایاب را ترک گویند
de sembrar nuevas flores	to plant new flowers	گل‌های تازه بکارند
de construir nuevas ciudades	to build new cities	شهرهای تازه بسازند
Según el aviso a los mayas, ¿qué les quitaron?	According to the warning to the mayas, what was taken from them?	بر اساس آن هشدار به مایاها، چه چیزی از آنان گرفته شد؟
la tierra	the land	سرزمین
¿Qué será la serpiente de cascabel en las señales anunciadas?	What will the rattlesnake be among the announced signs?	مار زنگی در میان نشانه‌های اعلام‌شده چه خواهد بود؟
La tercera mensajera	The third messenger	سومین پیام‌آور
La primera señal	The first signal	نخستین نشانه
La última esperanza	The last hope	آخرین امید
La guardiana de las ceibas	The guardian of the ceibas	نگهبان درختان سبا
¿Qué señal traerá el venado según el anuncio?	What sign will the deer bring, according to the announcement?	بر اساس آن اعلام، گوزن کدام نشانه را خواهد آورد؟
La segunda señal	The second sign	نشانهٔ دوم
La tercera señal	The third sign	نشانهٔ سوم
La última señal	The last sign	آخرین نشانه
Hace ya miles de lunas, existió en nuestro mundo un joven destacado en las artes de la guerra, famoso por sus hazañas, quien un día en su caminar se encontró con una hermosa joven de la que quedó inmediatamente enamorado. Decidió ir para con el padre de ella y poder unir sus vidas para siempre, sin embargo, el padre de ella era un hombre poco destacado en la guerra y toma una decisión a su favor.	Thousands of moons ago, there lived in our world a young man outstanding in the arts of war, famous for his feats, who one day, while walking, came upon a beautiful young woman and fell immediately in love with her. He decided to go to her father so that they could join their lives forever; however, her father was a man little outstanding in war, and he makes a decision in his own favor.	هزاران ماه پیش، در دنیای ما جوانی می‌زیست که در هنرهای جنگ درخشان بود و به سبب دلاوری‌هایش شهره داشت؛ روزی، هنگام راه رفتن، با دختری زیبا روبه‌رو شد و بی‌درنگ شیفتهٔ او گشت. تصمیم کرد پیشِ پدر او برود تا زندگی‌شان را برای همیشه به هم پیوند دهد؛ با این همه، پدر او مردی بود که در جنگ چندان درخشان نبود و تصمیمی به سود خود گرفت.
¿Cuándo existió un joven destacado en las artes de la guerra?	When did there live a young man outstanding in the arts of war?	آن جوانِ درخشان در هنرهای جنگ چه زمانی می‌زیست؟
Hace ya miles de lunas	Thousands of moons ago	هزاران ماه پیش
Hace ya cientos de años	Hundreds of years ago	صدها سال پیش
Hace ya pocos años	A few years ago	چند سال پیش
Hace ya muchos siglos	Many centuries ago	سدها پیش
¿En qué era destacado el joven?	In what was the young man outstanding?	آن جوان در چه چیزی درخشان بود؟
en las artes de la guerra	in the arts of war	در هنرهای جنگ
en el arte de la pintura	in the art of painting	در هنر نقاشی
en la agricultura	in agriculture	در کشاورزی
en la música	in music	در موسیقی
¿Qué lo hacía famoso?	What made him famous?	چه چیزی او را نام‌آور کرده بود؟
sus hazañas	his feats	دلاوری‌هایش
su belleza	his beauty	زیبایی‌اش
su sabiduría	his wisdom	خردش
¿Qué sucedió un día en su caminar?	What happened one day on his walk?	روزی در راه رفتنش چه رخ داد؟
se encontró con una hermosa joven	came upon a beautiful young woman	با دختری زیبا روبه‌رو شد
se encontró con un viejo sacerdote	came upon an old priest	با پیرمرد کاهن روبه‌رو شد
se encontró con un guerrero enemigo	came upon an enemy warrior	با جنگجوی دشمن روبه‌رو شد
se encontró con un mercader extranjero	came upon a foreign merchant	با بازرگان بیگانه روبه‌رو شد
¿Cómo era la joven que encontró el joven?	What was the young woman the man came upon like?	آن دختری که جوان با او روبه‌رو شد چگونه بود؟
hermosa	beautiful	زیبا
triste	sad	اندوهگین
pobre	poor	تهیدست
¿Qué quedó el joven al encontrar a la joven?	What did the young man become when he met the young woman?	جوان هنگام دیدن دختر چه شد؟
inmediatamente enamorado	immediately in love	بی‌درنگ شیفتهٔ او گشت
muy triste	very sad	بسیار غمگین
muy confundido	very confused	بسیار سردرگم
muy enojado	very angry	بسیار خشمگین
¿Quién decidió ir para con el padre de ella?	Who decided to go to her father?	چه کسی تصمیم کرد پیش پدر او برود؟
un joven destacado en las artes de la guerra	a young man outstanding in the arts of war	جوانی می‌زیست که در هنرهای جنگ درخشان بود
un anciano sabio del pueblo	an old sage of the town	پیر دانا روستا
un sacerdote del templo	a priest of the temple	کاهن معبد
un comerciante de la costa	a merchant of the coast	بازرگان ساحل
¿Qué quería el joven al ir con el padre de la joven?	What did the young man want when he went to the father of the young woman?	جوان هنگام رفتن پیش پدر دختر چه می‌خواست؟
poder unir sus vidas para siempre	join their lives forever	زندگی‌شان را برای همیشه به هم پیوند دهد
obtener riquezas	obtain riches	ثروت به دست آورد
conseguir tierras	get lands	زمین به دست آورد
pedir perdón	ask for forgiveness	طلب بخشش کند
¿En qué era poco destacado el padre de ella?	In what was her father little outstanding?	پدر او در چه چیزی چندان درخشان نبود؟
en la guerra	in war	در جنگ
en la caza	in hunting	در شکار
en el comercio	in commerce	در بازرگانی
¿Qué tomó el padre de la joven?	What did the father of the young woman make?	پدر دختر چه چیزی اتخاذ کرد؟
una decisión a su favor	a decision in his own favor	تصمیمی به سود خود
una decisión en contra del pueblo	a decision against the town	تصمیمی علیه روستا
una decisión sin consultar a nadie	a decision without consulting anyone	تصمیمی بدون مشورت با هیچ کس
una decisión de huir de la guerra	a decision to flee from the war	تصمیمی برای گریختن از جنگ
¿Quién era poco destacado en la guerra?	Who was little outstanding in war?	چه کسی در جنگ چندان درخشان نبود؟
el padre de ella	her father	پدر او
el joven guerrero	the young warrior	جوان جنگجو
el jefe del pueblo	the chief of the town	رئیس روستا
el sacerdote del templo	the priest of the temple	کاهن معبد
¿Qué palabra introduce el contraste sobre el padre?	What word introduces the contrast about the father?	چه واژه‌ای تضاد دربارهٔ پدر را معرفی می‌کند؟
sin embargo	however	با این همه
por eso	that is why	به همین سبب
además	in addition	علاوه بر این
después	after	پس از آن
¿Por cuánto tiempo querían unir sus vidas?	For how long did they want to join their lives?	می‌خواستند زندگی‌شان را چه مدتی به هم پیوند دهند؟
para siempre	forever	برای همیشه
por un año	for one year	برای یک سال
hasta la guerra	until the war	تا جنگ
por unas lunas	for a few moons	برای چند ماه
Daría la mano de su hija a aquel joven guerrero a cambio de que luchara en favor de su guerra; él decidió aceptar, pues lo prometido era regresar victoriosos y obtener el amor de aquella joven. Fue una guerra prolongada y no se veía la llegada del guerrero, la joven comenzó a angustiarse y a sufrir por amor.	He would give the hand of his daughter to that young warrior in exchange for fighting in favor of his war; he decided to accept, for what was promised was to return victorious and to win the love of that young woman. It was a prolonged war and the arrival of the warrior was not seen, and the young woman began to be anxious and to suffer for love.	پدر گفت دستِ دخترش را به آن جوان جنگجو خواهم داد، در ازای آنکه در راه جنگ او بجنگد؛ او تصمیم کرد بپذیرد، زیرا آنچه وعده شده بود پیروز بازگشتن و به دست آوردن عشق آن دختر بود. جنگی دراز بود و آمدن جنگجو دیده نمی‌شد، و دختر شروع کرد به دلواپسی و به رنج بردن از عشق.
¿Qué daría el padre a aquel joven guerrero?	What would the father give to that young warrior?	پدر به آن جوان جنگجو چه می‌داد؟
la mano de su hija	the hand of his daughter	دستِ دخترش
una casa en el valle	a house in the valley	خانه‌ای در دره
la mitad de sus tierras	half of his lands	نیمی از زمین‌هایش
sus mejores armas	his best weapons	بهترین سلاح‌هایش
¿A cambio de qué daría el padre la mano de su hija?	In exchange for what would the father give the hand of his daughter?	پدر دست دخترش را در ازای چه می‌داد؟
a cambio de que luchara en favor de su guerra	in exchange for fighting in favor of his war	در ازای آنکه در راه جنگ او بجنگد
a cambio de oro y plata	in exchange for gold and silver	در ازای طلا و نقره
a cambio de tierras fértiles	in exchange for fertile lands	در ازای زمین‌های حاصلخیز
a cambio de un tributo anual	in exchange for an annual tribute	در ازای باج سالانه
¿Qué decidió hacer el joven guerrero?	What did the young warrior decide to do?	جوان جنگجو تصمیم کرد چه کار کند؟
decidió aceptar	decided to accept	تصمیم کرد بپذیرد
decidió escapar	decided to escape	تصمیم کرد بگریزد
decidió casarse en secreto	decided to marry in secret	تصمیم کرد پنهانی ازدواج کند
decidió olvidar a la joven	decided to forget the young woman	تصمیم کرد دختر را فراموش کند
¿Qué era lo prometido por el joven guerrero?	What was promised by the young warrior?	جوان جنگجو چه چیزی را وعده داده بود؟
regresar victoriosos	to return victorious	پیروز بازگشتن
regresar con riquezas	to return with riches	با ثروت بازگشتن
regresar sin heridas	to return without wounds	بدون زخم بازگشتن
regresar al templo	to return to the temple	به معبد بازگشتن
¿Qué obtendría el joven al regresar?	What would the young man win on returning?	جوان هنگام بازگشت چه چیزی به دست می‌آورد؟
el amor de aquella joven	the love of that young woman	عشق آن دختر
la tierra del cacique	the land of the chief	زمین رئیس
el perdón del padre	the forgiveness of the father	بخشش پدر
un puesto en el templo	a place in the temple	جایی در معبد
¿Cómo fue la guerra en la que luchaba el joven?	What was the war in which the young man fought like?	آنگ که جوان در آن می‌جنگید چگونه بود؟
una guerra prolongada	a prolonged war	جنگی دراز
una guerra breve	a brief war	جنگی کوتاه
una guerra sin batallas	a war without battles	جنگی بدون نبرد
una guerra sangrienta	a bloody war	جنگی خونین
¿Qué no se veía en la guerra?	What was not seen in the war?	چه چیزی در جنگ دیده نمی‌شد؟
la llegada del guerrero	the arrival of the warrior	آمدن جنگجو
la llegada de los refuerzos	the arrival of the reinforcements	آمدن نیروهای کمکی
el fin de la batalla	the end of the battle	پایان نبرد
la llegada de los mensajeros	the arrival of the messengers	آمدن پیام‌آوران
¿Qué comenzó a hacer la joven mientras esperaba?	What did the young woman begin to do while she waited?	دختر هنگام انتظار شروع به چه کار کرد؟
a angustiarse	to be anxious	دلواپسی
a cantar en el templo	to sing in the temple	در معبد آواز خواند
a bailar en la plaza	to dance in the plaza	در میدان رقصید
a viajar al sur	to travel to the south	به جنوب سفر کرد
¿Por qué sufría la joven?	Why did the young woman suffer?	دختر چرا رنج می‌برد؟
por amor	for love	از عشق
por hambre	for hunger	از گرسنگی
por una enfermedad	for an illness	از بیماری
por el frío	for the cold	از سرما
¿Qué debía hacer el joven a cambio de la mano de la joven?	What did the young man have to do in exchange for the hand of the young woman?	جوان در ازای دستِ دختر چه کاری باید می‌کرد؟
luchara en favor de su guerra	fighting in favor of his war	در راه جنگ او بجنگد
entregara sus tierras	hand over his lands	زمین‌هایش را تسلیم کند
abandonara su pueblo	abandon his town	روستایش را ترک گوید
construyera un templo	build a temple	معبدی بسازد
¿Qué hacía la joven mientras el guerrero no llegaba?	What did the young woman do while the warrior did not arrive?	دختر تا زمانی که جنگجو نرسید چه می‌کرد؟
sufrir por amor	to suffer for love	به رنج بردن از عشق
viajar al sur	to travel to the south	به جنوب سفر کردن
cantar en el templo	to sing in the temple	در معبد آواز خواندن
luchar en la guerra	to fight in the war	در جنگ بجنگد
Llegó a sus oídos la versión de que el joven guerrero había muerto en batalla y la joven se enferma de dolor del alma, angustiadas noches pasó hasta que una mañana su padre entristecido la encontró sumida en el sueño eterno. La mañana siguiente el sol relumbraba el valle y se escucharon llegar sonidos de victoria, era el ejército de su pueblo acercándose a sus hogares; frente a los guerreros, avanzaba fuertemente el joven con una enorme alegría de que ahora sí podría ser feliz a lado de su amada.	The story reached her ears that the young warrior had died in battle, and the young woman falls ill of pain of the soul; she passed anxious nights until one morning her saddened father found her sunk in the eternal sleep. The next morning the sun lit up the valley and sounds of victory were heard arriving; it was the army of her people drawing near to their homes; in front of the warriors, the young man advanced forcefully with enormous joy that now at last he could be happy beside his beloved.	خبر به گوش او رسید که جوان جنگجو در نبرد مرده است، و دختر از دردِ جان بیمار شد؛ شب‌های پُرالتهاب را گذراند تا آنکه یک صبح، پدرش غمگین او را یافت فرو رفته در خواب جاودان. صبح روز بعد آفتاب دره را می‌درخشاند و صداهای پیروسی رسید؛ سپاه مردم او به خانه‌هایشان نزدیک می‌شد؛ پیشاپیش جنگجویان، جوان با شادیی بزرگ پیش می‌آمد که اکنون می‌تواند در کنار معشوقش خوشبخت باشد.
¿Qué llegó a oídos de la joven?	What reached the ears of the young woman?	چه چیزی به گوش دختر رسید؟
la versión de que el joven guerrero había muerto en batalla	that the young warrior had died in battle	که جوان جنگجو در نبرد مرده است
la versión de que el joven guerrero había sido capturado	that the young warrior had been captured	که جوان جنگجو اسیر شده است
la versión de que la guerra había terminado	that the war had ended	که جنگ به پایان رسیده است
la versión de que el padre había enfermado	that the father had fallen ill	که پدرش بیمار شده است
¿De qué se enfermó la joven?	What did the young woman fall ill with?	دختر به چه چیزی مبتلا شد؟
de dolor del alma	of pain of the soul	دردِ جان
de fiebre alta	of high fever	تب بالا
de una herida profunda	of a deep wound	زخمی ژرف
de mal de ojo	of the evil eye	چشم‌زخم
¿Quién encontró a la joven una mañana?	Who found the young woman one morning?	چه کسی یک صبح دختر را یافت؟
su padre entristecido	her saddened father	پدرش غمگین
un vecino del pueblo	a neighbor of the town	همسایه‌ای از روستا
su abuela	her grandmother	مادربزرگش
¿Cómo encontró su padre a la joven?	How did her father find the young woman?	پدرش دختر را چگونه یافت؟
sumida en el sueño eterno	sunk in the eternal sleep	فرو رفته در خواب جاودان
despierta y alegre	awake and joyful	بیدار و شادمان
en plena fiesta	in full party	در اوج جشن
recuperada de su enfermedad	recovered from her illness	بهبود یافته از بیماری‌اش
¿Qué relumbraba el valle la mañana siguiente?	What lit up the valley the next morning?	صبح روز بعد چه چیزی دره را روشن کرد؟
el sol	the sun	آفتاب
la luna	the moon	ماه
la nieve	the snow	برف
¿Qué se escuchó llegar la mañana siguiente?	What was heard arriving the next morning?	صبح روز بعد آمدن چه چیزی شنیده شد؟
sonidos de victoria	sounds of victory	صداهای پیروسی
sonidos de tambores	sounds of drums	صداهای طبل
sonidos de lamento	sounds of lament	صداهای ناله
sonidos de campanas	sounds of bells	صداهای ناقوس
¿Qué era el ejército que se acercaba?	What army was drawing near?	کدام سپاه نزدیک می‌شد؟
el ejército de su pueblo	the army of her people	سپاه مردم او
un ejército enemigo	an enemy army	سپاه دشمن
una caravana de mercaderes	a caravan of merchants	کاروان بازرگانان
un grupo de peregrinos	a group of pilgrims	گروهی زائر
¿A dónde se acercaba el ejército de su pueblo?	Where was the army of her people drawing near to?	سپاه مردم او به کجا نزدیک می‌شد؟
a sus hogares	to their homes	به خانه‌هایشان
al templo del valle	to the temple of the valley	به معبد دره
a la frontera del norte	to the northern border	به مرز شمالی
al mercado de la ciudad	to the market of the city	به بازار شهر
¿Quién avanzaba frente a los guerreros?	Who was advancing in front of the warriors?	چه کسی پیشاپیش جنگجویان پیش می‌آمد؟
el joven	the young man	جوان
el padre	the father	پدر
el cacique	the chief	رئیس
el sacerdote	the priest	کاهن
¿Con qué sentimiento avanzaba el joven?	With what feeling was the young man advancing?	جوان با چه احساسی پیش می‌آمد؟
una enorme alegría	enormous joy	شادیی بزرگ
enojo	anger	خشم
¿Qué esperaba el joven poder ser?	What did the young man hope to be?	جوان امیدوار بود چه چیزی باشد؟
feliz	happy	خوشبخت
rico	rich	ثروتمند
famoso	famous	نام‌آور
libre	free	آزاد
¿Con quién quería ser feliz el joven?	With whom did the young man want to be happy?	جوان می‌خواست با چه کسی خوشبخت باشد؟
a lado de su amada	beside his beloved	در کنار معشوقش
en el templo	in the temple	در معبد
en el palacio	in the palace	در کاخ
en el valle	in the valley	در دره
¿Qué pasó la mañana siguiente en el valle?	What happened in the valley the next morning?	صبح روز بعد در دره چه شد؟
el sol relumbraba el valle	the sun lit up the valley	آفتاب دره را می‌درخشاند
llovió sobre el pueblo	it rained on the town	بر روستا باران بارید
llegó un ejército enemigo	an enemy army arrived	سپاه دشمن رسید
se apagó el fuego sagrado	the sacred fire went out	آتش مقدس خاموش شد
Su corazón se rompió al encontrarse tan lamentable noticia. El enamorado gritó al cielo pidiendo explicaciones a los dioses, y tomó el cuerpo de su amada y subió al valle, ahí la recostó en la cima y decidió velar su sueño eterno con una antorcha encendida.	His heart broke when he came upon such lamentable news. The lover cried out to the sky asking the gods for explanations, and he took the body of his beloved and climbed the valley; there he laid her down on the summit and decided to watch her eternal sleep with a lit torch.	دلش شکست هنگامی که با چنان خبری اندوهبار روبه‌رو شد. عاشق به آسمان فریاد زد و از خدایان خواست توضیحی بدهند، و پیکر معشوقش را برداشت و به سوی دره بالا رفت؛ آنجا او را بر قله خواباند و تصمیم کرد با مشعلی روشن، خواب جاودانش را بپاید.
¿Qué se rompió al enterarse de la noticia?	What broke when he learned the news?	چه چیزی هنگام شنیدن آن خبر شکست؟
Su corazón	His heart	دلش
Su escudo	His shield	سپر او
Su lanza	His spear	نیزهٔ او
Su voz	His voice	صدای او
¿A quién le pidió explicaciones el enamorado?	To whom did the lover ask for explanations?	عاشق از چه کسی توضیح خواست؟
a los dioses	the gods	خدایان
a su padre	his father	پدرش
al cacique del pueblo	the chief of the town	رئیس روستا
¿Qué gritó el enamorado al cielo?	What did the lover cry out to the sky doing?	عاشق چه چیزی را به آسمان فریاد زد؟
pidiendo explicaciones a los dioses	asking the gods for explanations	از خدایان خواست توضیحی بدهند
pidiendo perdón por sus pecados	asking forgiveness for his sins	طلب بخشش برای گناهانش
pidiendo la lluvia para el valle	asking for rain for the valley	خواستن باران برای دره
pidiendo ayuda a sus soldados	asking his soldiers for help	از سربازانش یاری خواستن
¿Qué tomó el enamorado?	What did the lover take?	عاشق چه چیزی را برداشت؟
el cuerpo de su amada	the body of his beloved	پیکر معشوقش
la antorcha de su padre	the torch of his father	مشعل پدرش
las armas de sus soldados	the weapons of his soldiers	سلاح سربازانش
el escudo del guerrero	the shield of the warrior	سپر جنگجو
¿A dónde subió el enamorado?	Where did the lover climb to?	عاشق به کجا بالا رفت؟
subió al valle	climbed the valley	به سوی دره بالا رفت
subió a la montaña del norte	climbed the northern mountain	به کوه شمالی بالا رفت
subió al templo del pueblo	climbed the temple of the town	به معبد روستا بالا رفت
subió a la playa	climbed to the beach	به ساحل بالا رفت
¿Dónde recostó el enamorado a su amada?	Where did the lover lay his beloved down?	عاشق معشوقش را کجا خواباند؟
en la cima	on the summit	بر قله
en la playa	on the beach	در ساحل
en la plaza del pueblo	in the plaza of the town	در میدان روستا
¿Qué decidió velar el enamorado?	What did the lover decide to keep watch over?	عاشق تصمیم کرد چه چیزی را بپاید؟
su sueño eterno	her eternal sleep	خواب جاودانش
su tristeza	her sadness	اندوهش
su herida	her wound	زخمش
su nombre	her name	نامش
¿Con qué velaba el enamorado el sueño de su amada?	With what did the lover keep watch over the sleep of his beloved?	عاشق با چه چیزی خواب معشوقش را می‌پایید؟
con una antorcha encendida	with a lit torch	با مشعلی روشن
con una vela blanca	with a white candle	با شمعی سفید
con flores de cempasúchil	with cempasuchil flowers	با گل‌های سمپاسوچیل
con un fuego de leña	with a wood fire	با آتشی از هیزم
Los dioses al ver aquel acto de amor, decidieron eternizar a la pareja cubriendo de nieve sus cuerpos y petrificándolos por la eternidad. Y ahí sigue la mujer dormida y a un lado su guerrero enamorado con su antorcha de fuego. Con el paso de los siglos aún podemos observar a esos dos enamorados, en dos grandes montañas conocidas como Iztaccíhuatl y Popocatépetl.	The gods, on seeing that act of love, decided to make the couple eternal by covering their bodies with snow and petrifying them for eternity. And there the sleeping woman remains, and beside her the warrior in love, with his torch of fire. With the passing of the centuries we can still observe those two lovers, in two great mountains known as Iztaccíhuatl and Popocatépetl.	خدایان هنگام دیدن آن کردارِ عشق، تصمیم کردند زوج را جاودانه سازند؛ پیکرشان را با برف بپوشانند و تا ابد سنگشان کنند. و آنجا زن خوابیده باقی است و در کنارش آن جنگجوی عاشق، با مشعل آتش خود. با گذشت سده‌ها هنوز می‌توانیم آن دو عاشق را در دو کوه بزرگ ببینیم که اینتساکیواتل و پوکاتپتل نامیده می‌شوند.
¿Qué decidieron hacer los dioses al ver aquel acto de amor?	What did the gods decide to do when they saw that act of love?	خدایان هنگام دیدن آن کردارِ عشق چه کردند؟
eternizar a la pareja	make the couple eternal	زوج را جاودانه سازند
castigar al enamorado	punish the lover	عاشق را کیفر دهند
separar a la pareja	separate the couple	زوج را از هم جدا کنند
revivir a la joven	bring the young woman back to life	دختر را به زندگی بازگردانند
¿Qué cubrieron de nieve los dioses?	What did the gods cover with snow?	خدایان چه چیزی را با برف پوشاندند؟
sus cuerpos	their bodies	پیکرشان
las montañas del norte	the mountains of the north	کوه‌های شمال
el valle entero	the whole valley	تمام دره
el templo del pueblo	the temple of the town	معبد روستا
¿Cómo quedaron los cuerpos de la pareja?	What did the bodies of the couple end up like?	پیکر آن دو چگونه شد؟
petrificándolos por la eternidad	petrifying them for eternity	تا ابد سنگشان کنند
convertidos en árboles	turned into trees	به درخت بدل شدند
llevados al cielo entre nubes	carried to the sky among clouds	به آسمان و میان ابرها برده شدند
enterrados bajo el templo	buried under the temple	زیر معبد به خاک سپرده شدند
¿Por cuánto tiempo fueron petrificados los cuerpos?	For how long were the bodies petrified?	پیکرها تا چه مدتی سنگ شدند؟
por la eternidad	for eternity	تا ابد
por unos cuantos años	for a few years	برای چند سال
por varios siglos	for several centuries	برای چند سده
hasta el próximo eclipse	until the next eclipse	تا خسوف بعد
¿Quién sigue dormida?	Who remains asleep?	چه کسی خوابیده باقی است؟
la mujer dormida	the sleeping woman	زن خوابیده
el guerrero enamorado	the warrior in love	جنگجوی عاشق
el cacique del pueblo	the chief of the town	رئیس روستا
¿Con qué sostiene su antorcha el guerrero enamorado?	With what does the warrior in love hold his torch?	جنگجوی عاشق مشعل خود را با چه دارد؟
con su antorcha de fuego	with his torch of fire	با مشعل آتش خود
con una lanza de obsidiana	with a spear of obsidian	با نیزه‌ای از آبسیدین
con una flor blanca	with a white flower	با گلی سفید
con un escudo de madera	with a shield of wood	با سپری چوبی
¿Dónde está el guerrero enamorado respecto a la mujer dormida?	Where is the warrior in love in relation to the sleeping woman?	جنگجوی عاشق نسبت به آن زن خوابیده کجاست؟
a un lado	beside	در کنارش
detrás de ella	behind her	پشت او
encima de ella	above her	بالای او
frente a ella	in front of her	روبروی او
¿Con el paso de qué se pueden observar a los dos enamorados?	With the passing of what can the two lovers be observed?	با گذشت چه چیزی می‌توان آن دو عاشق را دید؟
Con el paso de los siglos	With the passing of the centuries	با گذشت سده‌ها
Con el paso de los años	With the passing of the years	با گذشت سال‌ها
Con el paso de las estaciones	With the passing of the seasons	با گذشت فصل‌ها
Con el paso de los eclipses	With the passing of the eclipses	با گذشت خسوف‌ها
¿En qué se pueden observar a esos dos enamorados?	In what can those two lovers be observed?	آن دو عاشق در چه چیزی دیده می‌شوند؟
en dos grandes montañas	in two great mountains	در دو کوه بزرگ
en dos grandes lagos	in two great lakes	در دو دریاچهٔ بزرگ
en dos grandes cuevas	in two great caves	در دو غار بزرگ
en dos grandes valles	in two great valleys	در دو درهٔ بزرگ
¿Cómo se conocen esas dos grandes montañas?	By what name are those two great mountains known?	آن دو کوه بزرگ به چه نامی شناخته می‌شوند؟
Iztaccíhuatl y Popocatépetl	Iztaccíhuatl and Popocatépetl	اینتساکیواتل و پوکاتپتل
Ajusco y Tláloc	Ajusco and Tlaloc	آهوسکو و تلالوک
Cofre de Perote y Pico de Orizaba	Cofre de Perote and Pico de Orizaba	کوفره د پروته و پیکو د اوریزابا
Nevado de Toluca y Malinche	Nevado de Toluca and Malinche	نووادو د تولوکا و مالینچه
¿Qué acto observaron los dioses?	What act did the gods observe?	خدایان کدام کردار را دیدند؟
aquel acto de amor	that act of love	آن کردارِ عشق
aquella batalla feroz	that fierce battle	آن نبرد درنده
aquel sacrificio en el templo	that sacrifice in the temple	آن قربانی در معبد
aquella fiesta del valle	that festival of the valley	آن جشن دره
Nota: El Popocatépetl e Iztaccíhuatl son icónicos por su forma que asemeja una pareja de enamorados. El guerrero lleva por nombre Popocatépetl del náhuatl popo-ca ‘que humea’ y te-petl ‘montaña o monte’, debido a que desde tiempos prehispánicos permanece activo. Mientras que la princesa llamada Iztaccíhuatl, del náhuatl Iztac, ‘blanco’ y ‘cihuatl ‘mujer’, porque asemeja a la figura de una mujer dormida cubierta de un manto blanco. Ubicados en los límites de la Ciudad de México y Puebla. La pareja de volcanes están unidos por la parte norte, mediante un paso montañoso conocido como Paso de Cortés.	Note: The Popocatépetl and Iztaccíhuatl are iconic for their shape that resembles a couple of lovers. The warrior is named Popocatépetl, from the Nahuatl popo-ca 'that smokes' and te-petl 'mountain or hill', because since pre-Hispanic times it remains active. While the princess called Iztaccíhuatl, from the Nahuatl Iztac 'white' and cihuatl 'woman', because it resembles the figure of a sleeping woman covered with a white mantle. Located on the borders of Mexico City and Puebla. The pair of volcanoes are joined on the north side, by way of a mountain pass known as Paso de Cortés.	یادداشت: پوکاتپتل و اینتساکیواتل به سبب شکل خود که به دو عاشق شبیه است، نمادین‌اند. نام جنگجو پوکاتپتل است، از ناهواتل پوپو-کا «که دود می‌کند» و تِه-پتل «کوه یا تپه»، زیرا از دوران پیش از اسپانیا فعال مانده است. اما شاهزاده‌خانمی که اینتساکیواتل نام دارد، از ناهواتل ایستاک «سفید» و سیواتل «زن»، زیرا به پیکر زن خوابیده‌ای می‌ماند که ردایی سفید بر تن دارد. این دو در مرز شهر مکزیک و پوئبلا جای گرفته‌اند. جفت آتشفشان‌ها از سوای شمال، از راه گردنهٔ کوهستانی که گردنهٔ کورتس نامیده می‌شود به هم پیوسته‌اند.
¿Por qué son icónicos el Popocatépetl e Iztaccíhuatl?	Why are the Popocatépetl and Iztaccíhuatl iconic?	چرا پوکاتپتل و اینتساکیواتل نمادین‌اند؟
por su forma que asemeja una pareja de enamorados	for their shape that resembles a couple of lovers	به سبب شکل خود که به دو عاشق شبیه است
por su altura sobre el nivel del mar	for their height above sea level	به سبب ارتفاعشان از سطح دریا
por las nieves que los cubren todo el año	for the snows that cover them all year	به سبب برفی که تمام سال می‌پوشانشان
por los templos que tienen en sus laderas	for the temples they have on their slopes	به سبب معبد‌هایی که بر دامنه‌هایشان دارند
¿Qué asemeja la forma de los volcanes?	What does the shape of the volcanoes resemble?	شکل آتشفشان‌ها شبیه چه چیزی است؟
una pareja de enamorados	a couple of lovers	دو عاشق
un grupo de guerreros	a group of warriors	گروهی جنگجو
una familia de cazadores	a family of hunters	خانواده‌ای شکارچی
un par de templos	a pair of temples	دو معبد
¿Qué significa popo-ca según la nota?	What does popo-ca mean according to the note?	بر اساس آن یادداشت پوپو-کا چه معنایی دارد؟
‘que humea’	'that smokes'	که دود می‌کند
‘que brilla’	'that shines'	که می‌درخشد
‘que duerme’	'that sleeps'	که می‌خوابد
‘que cae’	'that falls'	که می‌افتد
¿Qué significa te-petl según la nota?	What does te-petl mean according to the note?	بر اساس آن یادداشت تِه-پتل چه معنایی دارد؟
‘montaña o monte’	'mountain or hill'	کوه یا تپه
‘valle o llanura’	'valley or plain'	دره یا دشت
‘río o lago’	'river or lake'	رود یا دریاچه
‘cueva o caverna’	'cave or cavern'	غار یا حفره
¿Por qué se llama Popocatépetl?	Why is it called Popocatépetl?	چرا آن را پوکاتپتل می‌خوانند؟
debido a que desde tiempos prehispánicos permanece activo	because since pre-Hispanic times it remains active	زیرا از دوران پیش از اسپانیا فعال مانده است
debido a que está cubierto de nieve	because it is covered with snow	زیرا با برف پوشیده شده است
debido a que tiene forma de guerrero	because it has the shape of a warrior	زیرا شکل جنگجو دارد
debido a que surgió de un lago	because it rose from a lake	زیرا از دریاچه‌ای برآمد
¿Qué significa Iztac según la nota?	What does Iztac mean according to the note?	بر اساس آن یادداشت ایستاک چه معنایی دارد؟
‘blanco’	'white'	سفید
‘alto’	'high'	بلند
‘frío’	'cold'	سرد
‘dulce’	'sweet'	شیرین
¿Qué significa cihuatl según la nota?	What does cihuatl mean according to the note?	بر اساس آن یادداشت سیواتل چه معنایی دارد؟
‘mujer’	'woman'	زن
‘montaña’	'mountain'	کوه
‘niña’	'girl'	دخترک
‘guerrero’	'warrior'	جنگجو
¿Por qué se asemeja la princesa a una figura?	Why does the princess resemble a figure?	چرا آن شاهزاده‌خانم به پیکری می‌ماند؟
porque asemeja a la figura de una mujer dormida cubierta de un manto blanco	because it resembles the figure of a sleeping woman covered with a white mantle	زیرا به پیکر زن خوابیده‌ای می‌ماند که ردایی سفید بر تن دارد
porque asemeja a la figura de un guerrero armado	because it resembles the figure of an armed warrior	زیرا به پیکر جنگجویی مسلح می‌ماند
porque asemeja a la figura de una diosa de la lluvia	because it resembles the figure of a goddess of rain	زیرا به پیکر الههٔ باران می‌ماند
porque asemeja a la figura de un sacerdote	because it resembles the figure of a priest	زیرا به پیکر کاهنی می‌ماند
¿Dónde están ubicados los volcanes?	Where are the volcanoes located?	آتشفشان‌ها کجا قرار دارند؟
en los límites de la Ciudad de México y Puebla	on the borders of Mexico City and Puebla	در مرز شهر مکزیک و پوئبلا
en los límites de Oaxaca y Morelos	on the borders of Oaxaca and Morelos	در مرز واخاکا و مورلس
en los límites de Veracruz y Tlaxcala	on the borders of Veracruz and Tlaxcala	در مرز وراکروز و تلاسکالا
en los límites de Hidalgo y Estado de México	on the borders of Hidalgo and the State of Mexico	در مرز ایدالگو و ایالت مکزیک
¿Por qué parte están unidos los volcanes?	On which side are the volcanoes joined?	آتشفشان‌ها از کدام سو به هم پیوسته‌اند؟
por la parte norte	on the north side	از سوای شمال
por la parte sur	on the south side	از سوای جنوب
por la parte este	on the east side	از سوای شرق
por la parte oeste	on the west side	از سوای غرب
¿Qué paso montañoso une a los volcanes?	Which mountain pass joins the volcanoes?	کدام گردنهٔ کوهستانی آتشفشان‌ها را به هم می‌رساند؟
Paso de Cortés	Paso de Cortés	گردنهٔ کورتس
Paso de Tlamacas	Paso de Tlamacas	گردنهٔ تلاماکاس
Paso de Piedra	Paso de Piedra	گردنهٔ پیدرا
Paso del Águila	Paso del Águila	گردنهٔ عقاب
¿Mediante qué paso montañoso están unidos los volcanes?	By which mountain pass are the volcanoes joined?	از چه گردنهٔ کوهستانی آتشفشان‌ها به هم پیوسته‌اند؟
un paso montañoso conocido como Paso de Cortés	a mountain pass known as Paso de Cortés	گردنهٔ کوهستانی که گردنهٔ کورتس نامیده می‌شود
un paso montañoso conocido como Paso de Piedra	a mountain pass known as Paso de Piedra	گردنهٔ کوهستانی که گردنهٔ پیدرا نامیده می‌شود
un paso montañoso conocido como Paso del Águila	a mountain pass known as Paso del Águila	گردنهٔ کوهستانی که گردنهٔ عقاب نامیده می‌شود
un paso montañoso conocido como Paso de Tlamacas	a mountain pass known as Paso de Tlamacas	گردنهٔ کوهستانی که گردنهٔ تلاماکاس نامیده می‌شود
¿Desde cuándo permanece activo el Popocatépetl?	Since when has the Popocatépetl remained active?	پوکاتپتل از چه زمانی فعال مانده است؟
desde tiempos prehispánicos	since pre-Hispanic times	از دوران پیش از اسپانیا
desde la conquista española	since the Spanish conquest	از فتح اسپانیایی
desde el año 1543	since the year 1543	از سال 1543
¿Qué es un cenote? Es un pozo de agua dulce que se forma por el desgaste o erosión de las rocas calizas.	What is a cenote? It is a well of fresh water that is formed by the wearing or erosion of the limestone rocks.	سنوته چیست؟ چاه آب شیرینی است که بر اثر سایش یا فرسایش سنگ‌های آهکی پدید می‌آید.
¿Qué es un cenote según el texto?	What is a cenote according to the text?	بر اساس متن، سنوته چیست؟
un pozo de agua dulce	a well of fresh water	چاه آب شیرین
una cueva sin agua	a cave without water	غاری بدون آب
un río subterráneo	an underground river	رودی زیرزمینی
un lago de agua salada	a lake of salt water	دریاچه‌ای آب شور
¿Qué tipo de agua tiene un cenote?	What kind of water does a cenote have?	سنوته چه نوع آبی دارد؟
agua dulce	fresh water	آب شیرین
agua salada	salt water	آب شور
agua de lluvia	rain water	آب باران
agua termal	thermal water	آب گرم
¿Qué fenómeno hace que se forme un cenote?	What phenomenon makes a cenote form?	چه پدیده‌ای باعث پدید آمدن سنوته می‌شود؟
erosión	erosion	فرسایش
terremoto	earthquake	زمین‌لرزه
volcanismo	volcanism	آتشفشانی بودن
inundación	flood	سیل
¿Por qué se forma un cenote?	Why is a cenote formed?	سنوته چرا پدید می‌آید؟
por el desgaste o erosión de las rocas calizas	by the wearing or erosion of the limestone rocks	بر اثر سایش یا فرسایش سنگ‌های آهکی
por la actividad de un volcán	by the activity of a volcano	بر اثر فعالیت آتشفشانی
por el choque de dos placas	by the collision of two plates	بر برخورد دو ورقه
por la construcción de presas	by the construction of dams	بر اثر ساخت سد
¿Qué tipo de rocas forman un cenote?	What kind of rocks form a cenote?	چه نوع سنگ‌هایی سنوته را می‌سازند؟
rocas calizas	limestone rocks	سنگ‌های آهکی
rocas volcánicas	volcanic rocks	سنگ‌های آتشفشانی
rocas graníticas	granitic rocks	سنگ‌های گرانیتی
rocas de arcilla	clay rocks	سنگ‌های رسی
¿Qué se forma por el desgaste o erosión de las rocas calizas?	What is formed by the wearing or erosion of the limestone rocks?	بر اثر سایش یا فرسایش سنگ‌های آهکی چه چیزی پدید می‌آید؟
un río de agua salada	a river of salt water	رودی آب شور
una montaña de piedra	a mountain of stone	کوهی سنگی
una playa de arena	a beach of sand	ساحلی شنی
Ubicado en el interior de la ciudad de Valladolid, Yucatán el cenote Zací es una impresionante caverna, parcialmente colapsada, de unos 45 metros de diámetro.	Located inside the city of Valladolid, Yucatán, the Zaci cenote is an impressive cavern, partially collapsed, about 45 meters in diameter.	سنوتهٔ زاسی، که درون شهر وایادولید در یوکاتان جای گرفته، غاری چشمگیر و تا اندازه‌ای فروریخته است، با حدود 45 متر قطر.
¿Dónde está ubicado el cenote Zací?	Where is the Zaci cenote located?	سنوتهٔ زاسی کجا قرار دارد؟
en el interior de la ciudad de Valladolid, Yucatán	inside the city of Valladolid, Yucatán	درون شهر وایادولید در یوکاتان
en el centro de la ciudad de Mérida	in the center of the city of Mérida	در مرکز شهر مریدا
en la costa de Quintana Roo	on the coast of Quintana Roo	در ساحل کینتانا رو
en las afueras de Campeche	on the outskirts of Campeche	در حاشیهٔ کامپچه
¿Qué es el cenote Zací?	What is the Zaci cenote?	سنوتهٔ زاسی چیست؟
una impresionante caverna	an impressive cavern	غاری چشمگیر
un templo maya	a mayan temple	معبدی مایا
un lago artificial	an artificial lake	دریاچه‌ای مصنوعی
¿Cómo está la caverna del cenote Zací?	How is the cavern of the Zaci cenote?	غار سنوتهٔ زاسی چگونه است؟
parcialmente colapsada	partially collapsed	تا اندازه‌ای فروریخته
completamente seca	completely dry	کاملا خشک
totalmente cubierta de agua	fully covered with water	کاملا پوشیده از آب
recién construida	newly built	تازه ساخته
¿Cuál es el diámetro aproximado del cenote Zací?	What is the approximate diameter of the Zaci cenote?	قطر تقریبی سنوتهٔ زاسی چقدر است؟
unos 45 metros de diámetro	about 45 meters in diameter	حدود 45 متر قطر
unos 15 metros de diámetro	about 15 meters in diameter	حدود 15 متر قطر
unos 100 metros de diámetro	about 100 meters in diameter	حدود 100 متر قطر
unos 5 metros de diámetro	about 5 meters in diameter	حدود 5 متر قطر
¿En qué estado se encuentra Valladolid?	In which state is Valladolid?	وایادولید در کدام ایالت است؟
Yucatán	Yucatán	یوکاتان
Campeche	Campeche	کامپچه
Quintana Roo	Quintana Roo	کینتانا رو
Tabasco	Tabasco	تاباسکو
¿Cómo describe el texto la caverna del cenote Zací?	How does the text describe the cavern of the Zaci cenote?	متن غار سنوتهٔ زاسی را چگونه توصیف می‌کند؟
impresionante	impressive	چشمگیر
oscura	dark	تیره
abandonada	abandoned	رهاشده
¿En qué ciudad está el cenote Zací?	In which city is the Zaci cenote?	سنوتهٔ زاسی در کدام شهر است؟
Valladolid	Valladolid	وایادولید
Mérida	Mérida	مریدا
Tulum	Tulum	تولوم
Durante el imperio de los Cupules y los Cocomes se fundó, en 1543, la ciudad maya de Zací (gavilán blanco) en lo que en la actualidad es la ciudad de Valladolid, Yucatán. Dentro de la ciudad se encontraba este cenote, y sobre su bóveda se encontraba la vivienda de la curandera y hechicera del pueblo. Era la patrona de la familia Cocom; una anciana poderosa e influyente. Desde siempre, habían existido en Zací dos familias que se disputaban permanentemente el poder. El cacique Halach-Huinic (el hombre verdadero) era el que gobernaba en ese tiempo, y tenía un hijo llamado Hul-Kin (rayo de sol), perteneciente a la familia de los cupules.	During the empire of the Cupules and the Cocomes, in 1543, the mayan city of Zaci (white hawk) was founded in what is today the city of Valladolid, Yucatán. Inside the city was this cenote, and on its vault was the home of the healer and sorceress of the town. She was the patron of the Cocom family; an old woman powerful and influential. Since always, there had existed in Zaci two families that permanently disputed power. The chief Halach-Huinic (the true man) was the one who governed at that time, and he had a son called Hul-Kin (ray of sun), belonging to the family of the cupules.	در زمان امپراتوری کوپول‌ها و کوکوم‌ها، در سال 1543، شهر ماییِ زاسی (بازِ سفید) در جایی ساخته شد که امروز شهر وایادولید در یوکاتان است. درون این شهر همین سنوته بود و بر گنبد آن، خانهٔ طبیب و جادوگر روستا قرار داشت. او حامی خاندان کوکوم بود؛ پیرزنی نیرومند و بانفوذ. از همیشه، در زاسی دو خاندان بودند که پیوسته بر سر قدرت با یکدیگر در ستیز بودند. رئیس هالاچ-وینیک (مرد راستین) در آن زمان حکومت می‌کرد و پسری داشت به نام هول-کین (پرتو خورشید) که از خاندان کوپول‌ها بود.
¿Durante qué imperio se fundó la ciudad maya de Zací?	During which empire was the mayan city of Zaci founded?	شهر ماییِ زاسی در زمان کدام امپراتوری بنیاد نهاده شد؟
el imperio de los Cupules y los Cocomes	the empire of the Cupules and the Cocomes	امپراتوری کوپول‌ها و کوکوم‌ها
el imperio de los Itzá	the empire of the Itzá	امپراتوری ایتزا
el imperio de los Mexicas	the empire of the Mexicas	امپراتوری مسیکاها
el imperio de los Tutul Xiú	the empire of the Tutul Xiú	امپراتوری تولول شیو
¿En qué año se fundó la ciudad maya de Zací?	In what year was the mayan city of Zaci founded?	شهر ماییِ زاسی در چه سالی بنیاد نهاده شد؟
en 1543	in 1543	در سال 1543
en 1521	in 1521	در سال 1521
en 1492	in 1492	در سال 1492
en 1600	in 1600	در سال 1600
¿Qué significa Zací según el texto?	What does Zaci mean according to the text?	بر اساس متن زاسی چه معنایی دارد؟
gavilán blanco	white hawk	بازِ سفید
valle del agua	valley of water	درهٔ آب
ciudad sagrada	sacred city	شهر مقدس
pueblo de piedra	village of stone	روستای سنگی
¿En qué ciudad actual se encuentra Zací?	In which present-day city is Zaci found?	زاسی در کدام شهر امروزی قرار دارد؟
la ciudad de Valladolid, Yucatán	the city of Valladolid, Yucatán	شهر وایادولید در یوکاتان
la ciudad de Mérida, Yucatán	the city of Mérida, Yucatán	شهر مریدا در یوکاتان
la ciudad de Campeche	the city of Campeche	شهر کامپچه
la ciudad de Tulum	the city of Tulum	شهر تولوم
¿Dónde se encontraba la vivienda de la curandera?	Where was the home of the healer?	خانهٔ طبیب کجا بود؟
sobre su bóveda	on its vault	بر گنبد آن
junto a la plaza principal	next to the main plaza	کنار میدان اصلی
en las afueras de la ciudad	on the outskirts of the city	در حاشیهٔ شهر
dentro del templo mayor	inside the main temple	درون معبد اصلی
¿Qué era la anciana del pueblo?	What was the old woman of the town?	آن پیرزن روستا چه بود؟
curandera y hechicera	healer and sorceress	طبیب و جادوگر
sacerdotisa del templo	priestess of the temple	بانوی کاهن معبد
cacique de la ciudad	chief of the city	رئیس شهر
guerrera de la familia	warrior of the family	جنگجوی خاندان
¿De qué familia era patrona la anciana?	She was the patron of which family?	او حامی کدام خاندان بود؟
la familia Cocom	the Cocom family	خاندان کوکوم
la familia Cupul	the Cupul family	خاندان کوپول
la familia Xiú	the Xiú family	خاندان شیو
la familia Canul	the Canul family	خاندان کانول
¿Cómo describe el texto a la anciana?	How does the text describe the old woman?	متن آن پیرزن را چگونه توصیف می‌کند؟
una anciana poderosa e influyente	an old woman powerful and influential	پیرزنی نیرومند و بانفوذ
una anciana pobre y olvidada	a poor and forgotten old woman	پیرزن تهیدست و فراموش‌شده
una anciana sabia y tranquila	a wise and calm old woman	پیرزن خردمند و آرام
una anciana enferma y débil	a sick and weak old woman	پیرزن بیمار و ناتوان
¿Qué existía desde siempre en Zací?	What had existed in Zaci since always?	در زاسی از همیشه چه چیزی وجود داشت؟
dos familias que se disputaban permanentemente el poder	two families that permanently disputed power	دو خاندان بودند که پیوسته بر سر قدرت با یکدیگر در ستیز بودند
una sola familia que gobernaba	a single family that governed	یک خاندان تنها که حکومت می‌کرد
un consejo de ancianos sabios	a council of wise elders	شورای ریش‌سفیدان
una alianza entre todas las familias	an alliance among all the families	پیمانی میان همهٔ خاندان‌ها
¿Qué se disputaban permanentemente las dos familias?	What did the two families dispute permanently?	آن دو خاندان همواره بر سر چه چیزی در ستیز بودند؟
el poder	power	قدرت
las tierras	the lands	زمین‌ها
el agua del cenote	the water of the cenote	آب سنوته
el comercio	commerce	بازرگانی
¿Quién gobernaba Zací en ese tiempo?	Who governed Zaci at that time?	زاسی در آن زمان زیر حکومت چه کسی بود؟
El cacique Halach-Huinic	The chief Halach-Huinic	رئیس هالاچ-وینیک
El cacique Hul-Kin	The chief Hul-Kin	رئیس هول-کین
La hechicera	The sorceress	جادوگر
El sacerdote mayor	The high priest	کاهن بزرگ
¿Quién era el hijo del cacique Halach-Huinic?	Who was the son of the chief Halach-Huinic?	پسر رئیس هالاچ-وینیک چه کسی بود؟
Hul-Kin	Hul-Kin	هول-کین
Sac-Nicte	Sac-Nicte	ساک-نیکته
Popocatépetl	Popocatepetl	پوکاتپتل
Iztac	Iztac	ایستاک
¿A qué familia pertenecía Hul-Kin?	Which family did Hul-Kin belong to?	هول-کین به کدام خاندان تعلق داشت؟
la familia de los cupules	the family of the cupules	خاندان کوپول‌ها
la familia de los cocomes	the family of the Cocomes	خاندان کوکوم‌ها
la familia de los xiúes	the family of the xiúes	خاندان شیوها
la familia de los canules	the family of the canules	خاندان کانول‌ها
¿Qué significa Hul-Kin según el texto?	What does Hul-Kin mean according to the text?	بر اساس متن هول-کین چه معنایی دارد؟
rayo de sol	ray of sun	پرتو خورشید
flor blanca	white flower	گل سفید
el hombre verdadero	the true man	مرد راستین
¿Qué significa Halach-Huinic según el texto?	What does Halach-Huinic mean according to the text?	بر اساس متن هالاچ-وینیک چه معنایی دارد؟
La nieta de la hechicera se había quedado huérfana al nacer, y por ello la abuela la quería doblemente, ya que en ella cifraba el amor a su hija y a su propia nieta, la hermosa “Sac-Nicte” (flor blanca), quien le habría de alegrar la vida en su ancianidad.	The granddaughter of the sorceress had been left an orphan at birth, and for that reason the grandmother loved her doubly, since in her she placed the love for her daughter and for her own granddaughter, the beautiful Sac-Nicte (white flower), who would gladden her life in her old age.	نوهٔ جادوگر از بدو تولد یتیم مانده بود و به همین سبب مادربزرگ دوچندان او را دوست می‌داشت، زیرا در او عشق به دخترش و به نوهٔ خود را نگاه می‌داشت، ساک-نیکتهٔ زیبا (گل سفید) که در پیری زندگی‌اش را شاد خواهد کرد.
¿Por qué se quedó huérfana la nieta de la hechicera?	Why was the granddaughter of the sorceress left an orphan?	چرا نوهٔ جادوگر یتیم ماند؟
al nacer	at birth	از بدو تولد
por un accidente en el cenote	because of an accident in the cenote	به سبب سانحه‌ای در سنوته
¿Cómo quería la abuela a su nieta?	How did the grandmother love her granddaughter?	مادربزرگ نوه‌اش را چگونه دوست می‌داشت؟
doblemente	doubly	دوچندان
menos que a su hija	less than her daughter	کمتر از دخترش
igual que a los demás	the same as the others	مانند دیگران
con indiferencia	with indifference	با بی‌تفاوتی
¿Qué cifraba la abuela en su nieta?	What did the grandmother place in her granddaughter?	مادربزرگ چه چیزی را در نوه‌اش نگاه می‌داشت؟
el amor a su hija	the love for her daughter	عشق به دخترش
la esperanza de un nuevo templo	the hope of a new temple	امید معبدی تازه
la riqueza de la familia	the wealth of the family	ثروت خاندان
el poder del cenote	the power of the cenote	قدرت سنوته
¿Cómo se llamaba la nieta de la hechicera?	What was the name of the granddaughter of the sorceress?	نام نوهٔ جادوگر چه بود؟
Zací	Zaci	زاسی
¿Qué significa Sac-Nicte según el texto?	What does Sac-Nicte mean according to the text?	بر اساس متن ساک-نیکته چه معنایی دارد؟
¿Qué le habría de alegrar a la abuela?	What would gladden the life of the grandmother?	چه چیزی زندگی مادربزرگ را شاد خواهد کرد؟
la vida en su ancianidad	her life in her old age	در پیری زندگی‌اش را شاد
la vida en la ciudad	life in the city	زندگی در شهر
la boda de su nieta	the wedding of her granddaughter	عروسی نوه‌اش
la llegada de la primavera	the arrival of spring	آمدن بهار
¿En qué etapa de la vida de la abuela le habría de alegrar la vida Sac-Nicte?	At what stage of the grandmother's life would Sac-Nicte gladden her life?	در کدام دوره از زندگی مادربزرگ ساک-نیکته زندگی‌اش را شاد خواهد کرد؟
en su ancianidad	in her old age	در پیری
en su juventud	in her youth	در جوانی
en su niñez	in her childhood	در کودکی
en su madurez	in her maturity	در کمال
Al principio, Hul-Kin y Sac-Nicte parecían odiarse y peleaban constantemente. Sin embargo, al llegar a su juventud, surgió entre ellos una amistad que más tarde se convirtió en un apasionado amor, siendo más grande y avasallador el sentimiento de ella hacia al príncipe, pues Sac-Nicte era inocente y pura. Sin saberlo ni la hechicera ni el cacique, ellos se veían a escondidas, y al cabo de unos meses ella entrego su virginidad y pureza. A pesar de que guardaban en secreto su amor, el cacique se enteró y, enfurecido, envió a su hijo a un pueblo del sur de la península, con cuyo cacique ya había tratado una alianza: casar a Hul-Kin con la princesa de aquel lugar.	At first, Hul-Kin and Sac-Nicte seemed to hate each other and they fought constantly. However, when they reached their youth, a friendship arose between them that later turned into a passionate love, the feeling of her toward the prince being greater and overwhelming, since Sac-Nicte was innocent and pure. Without the sorceress or the chief knowing, they met in secret, and after a few months she gave her virginity and purity. Even though they kept their love in secret, the chief found out and, enraged, sent his son to a town in the south of the peninsula, whose chief he had already arranged an alliance with: to marry Hul-Kin to the princess of that place.	در آغاز، هول-کین و ساک-نیکته چنان می‌نمود که از هم متنفرند و پیوسته با هم می‌جنگیدند. با این همه، هنگامی که به جوانی رسیدند، دوستی میان آنان پدید آمد که بعد از آن به عشقی آتشین بدل شد و احساس او نسبت به شاهزاده بزرگ‌تر و مهارگریز بود، زیرا ساک-نیکته پاک و معصوم بود. نه جادوگر می‌دانست و نه رئیس؛ آنان پنهانی یکدیگر را می‌دیدند و پس از چند ماه او باکرگی و پاکی خود را به او بخشید. با وجود آنکه عشقشان را پنهان می‌داشتند، رئیس آگاه شد و، خشمگین، پسرش را به روستایی در جنوب شبه‌جزیره فرستاد که پیش‌تر با رئیس آن پیمان بسته بود: هول-کین را با شاهزادهٔ آن جا همسر کند.
¿Cómo parecían al principio Hul-Kin y Sac-Nicte?	How did Hul-Kin and Sac-Nicte seem at first?	هول-کین و ساک-نیکته در آغاز چگونه به نظر می‌رسیدند؟
parecían odiarse	seemed to hate each other	چنان می‌نمود که از هم متنفرند
parecían enamorados	they seemed in love	چنان می‌نمود که عاشق‌اند
parecían amigos desde niños	they seemed friends since children	چنان می‌نمود که از کودکی دوست‌اند
parecían indiferentes	they seemed indifferent	چنان می‌نمود که بی‌تفاوت‌اند
¿Qué surgió entre ellos al llegar a su juventud?	What arose between them when they reached their youth?	هنگام رسیدن به جوانی چه چیزی میان آنان پدید آمد؟
una amistad	a friendship	دوستی
una enemistad profunda	a deep enmity	دشمنی ژرف
una alianza familiar	a family alliance	پیمان خانوادگی
una rivalidad comercial	a commercial rivalry	رقابت بازرگانی
¿En qué se convirtió la amistad entre ellos?	What did the friendship between them turn into?	آن دوستی میان آنان به چه بدل شد؟
un apasionado amor	a passionate love	عشقی آتشین
una alianza política	a political alliance	پیمانی سیاسی
un odio eterno	an eternal hatred	کینتی جاودان
una simple costumbre	a simple custom	عادتی ساده
¿Cuál era el sentimiento más grande y avasallador?	Which was the greater and overwhelming feeling?	کدام احساس بزرگ‌تر و مهارگریز بود؟
el sentimiento de ella hacia al príncipe	the feeling of her toward the prince	احساس او نسبت به شاهزاده
el sentimiento de él hacia la hechicera	the feeling of him toward the sorceress	احساس او نسبت به جادوگر
el sentimiento del cacique hacia su hijo	the feeling of the chief toward his son	احساس رئیس نسبت به پسرش
el sentimiento de los pueblos hacia el cenote	the feeling of the towns toward the cenote	احساس روستاها نسبت به سنوته
¿Cómo era Sac-Nicte?	What was Sac-Nicte like?	ساک-نیکته چگونه بود؟
inocente y pura	innocent and pure	پاک و معصوم
cruel y ambiciosa	cruel and ambitious	ستمگر و طمع‌کار
fría y calculadora	cold and calculating	سرد و محاسبه‌گر
orgullosa y altiva	proud and haughty	سربلند و متکبر
¿Quiénes no sabían que se veían?	Who did not know that they met?	چه کسی نمی‌دانست که آنان یکدیگر را می‌بینند؟
la hechicera ni el cacique	the sorceress or the chief	نه جادوگر می‌دانست و نه رئیس
los sacerdotes del templo	the priests of the temple	کاهنان معبد
los vecinos del pueblo	the neighbors of the town	همسایگان روستا
los guerreros de Zací	the warriors of Zaci	جنگجویان زاسی
¿Dónde se veían Hul-Kin y Sac-Nicte?	Where did Hul-Kin and Sac-Nicte meet?	هول-کین و ساک-نیکته کجا یکدیگر را می‌دیدند؟
a escondidas	in secret	پنهانی
junto al cenote a la luz del día	by the cenote in the light of day	کنار سنوته در روشنای روز
¿Qué entregó Sac-Nicte a Hul-Kin?	What did Sac-Nicte give to Hul-Kin?	ساک-نیکته چه چیزی به هول-کین بخشید؟
su virginidad y pureza	her virginity and purity	باکرگی و پاکی خود
sus joyas de jade	her jewels of jade	زمردآلاتش
su promesa de matrimonio	her promise of marriage	وعدۀ ازدواجش
su herencia familiar	her family inheritance	میراث خانوادگی‌اش
¿Quién se enteró de su amor?	Who found out about their love?	چه کسی از عشق آنان آگاه شد؟
la hechicera	the sorceress	جادوگر
la abuela de Sac-Nicte	the grandmother of Sac-Nicte	مادربزرگ ساک-نیکته
¿Cómo reaccionó el cacique al enterarse?	How did the chief react when he found out?	رئیس هنگام آگاه شدن چگونه واکنش نشان داد؟
enfurecido	enraged	خشمگین
contento	content	خشنود
indiferente	indifferent	بی‌تفاوت
conmovido	moved	عاطفی
¿A dónde envió el cacique a su hijo?	Where did the chief send his son?	رئیس پسرش را به کجا فرستاد؟
a un pueblo del sur de la península	to a town in the south of the peninsula	به روستایی در جنوب شبه‌جزیره
a la ciudad de Mérida	to the city of Mérida	به شهر مریدا
al centro de la selva	to the center of the jungle	به میان جنگل
a una isla cercana	to a nearby island	به جزیره‌ای نزدیک
¿Con quién quería casar el cacique a Hul-Kin?	Whom did the chief want to marry Hul-Kin to?	رئیس می‌خواست هول-کین را با چه کسی همسر کند؟
la princesa de aquel lugar	the princess of that place	شاهزادهٔ آن جا
la hija del sacerdote mayor	the daughter of the high priest	دختر کاهن بزرگ
una joven de la familia Cocom	a young woman of the Cocom family	دختری از خاندان کوکوم
la nieta de la hechicera	the granddaughter of the sorceress	نوهٔ جادوگر
¿Qué había tratado el cacique con el cacique del sur?	What had the chief arranged with the chief of the south?	رئیس با رئیس جنوب چه چیزی بسته بود؟
una alianza	an alliance	پیمان
una guerra	a war	جنگ
un intercambio de tierras	an exchange of lands	دادوستد زمین
un tributo anual	an annual tribute	باجی سالانه
¿Cuánto tiempo después se veían a escondidas?	How long later did they start meeting in secret?	چه مدتی بعد آنان پنهانی یکدیگر را دیدند؟
al cabo de unos meses	after a few months	پس از چند ماه
al cabo de unos días	after a few days	پس از چند روز
al cabo de algunos años	after some years	پس از چند سال
en la misma semana	in the same week	همان هفته
Desde su separación, la alegría escapó del alma de Sac-Nicte. Sus ojos perdieron el brillo de la ilusión y entre llantos le contó a su amada abuela el secreto. Estaba embarazada y no quería vivir más. La abuela, afligida y preocupada, le prometió que con la ayuda de los dioses y sus hechizos le traería de vuelta a Hul-Kin.	Since their separation, joy escaped from the soul of Sac-Nicte. Her eyes lost the shine of hope and, amid weeping, she told her beloved grandmother the secret. She was pregnant and did not want to live any longer. The grandmother, afflicted and worried, promised her that with the help of the gods and her spells she would bring Hul-Kin back.	از جدایی‌شان، شادی از جان ساک-نیکته گریخت. چشمانش درخشش آرزو را از دست داد و در میان گریه‌ها راز را به مادربزرگ مهربانش گفت. او باردار بود و دیگر نمی‌خواست زنده بماند. مادربزرگ، اندوهگین و نگران، به او وعده داد که با یاری خدایان و جادوهایش هول-کین را بازمی‌گرداند.
¿Qué escapó del alma de Sac-Nicte desde su separación?	What escaped from the soul of Sac-Nicte since their separation?	از جدایی‌شان چه چیزی از جان ساک-نیکته گریخت؟
la alegría	joy	شادی
la esperanza	hope	امید
la fe	faith	ایمان
el miedo	fear	ترس
¿Qué perdieron los ojos de Sac-Nicte?	What did the eyes of Sac-Nicte lose?	چشمان ساک-نیکته چه چیزی را از دست داد؟
el brillo de la ilusión	the shine of hope	درخشش آرزو
el color de la vida	the color of life	رنگ زندگی
la vista	sight	بینایی
las lágrimas	tears	اشک‌ها
¿A quién le contó Sac-Nicte el secreto?	To whom did Sac-Nicte tell the secret?	ساک-نیکته راز را به چه کسی گفت؟
a su amada abuela	her beloved grandmother	مادربزرگ مهربانش
a su madre	her mother	مادرش
a la familia Cocom	the Cocom family	خاندان کوکوم
al cacique	the chief	رئیس
¿Cómo le contó Sac-Nicte el secreto a su abuela?	How did Sac-Nicte tell her grandmother the secret?	ساک-نیکته راز را چگونه به مادربزرگش گفت؟
entre llantos	amid weeping	در میان گریه‌ها
con alegría	with joy	با شادی
con enojo	with anger	با خشم
en silencio	in silence	در خاموشی
¿Qué estaba Sac-Nicte?	What was Sac-Nicte?	ساک-نیکته چه بود؟
embarazada	pregnant	باردار
enferma	sick	بیمار
herida	wounded	زخمی
dormida	asleep	خواب
¿Qué no quería Sac-Nicte?	What did Sac-Nicte not want?	ساک-نیکته چه چیزی را نمی‌خواست؟
vivir más	to live any longer	زنده بماند
casarse con otro	to marry another	با دیگری ازدواج کند
ver a su abuela	to see her grandmother	مادربزرگش را ببیند
salir del pueblo	to leave the town	روستا را ترک کند
¿Cómo estaba la abuela al escuchar el secreto?	How was the grandmother when she heard the secret?	مادربزرگ هنگام شنیدن راز چگونه بود؟
afligida y preocupada	afflicted and worried	اندوهگین و نگران
alegre y tranquila	joyful and calm	شاد و آرام
furiosa y violenta	furious and violent	خشمگین و پرخاشگر
¿Qué le prometió la abuela a Sac-Nicte?	What did the grandmother promise Sac-Nicte?	مادربزرگ به ساک-نیکته چه وعده داد؟
le traería de vuelta a Hul-Kin	she would bring Hul-Kin back	هول-کین را بازمی‌گرداند
le daría una casa nueva	she would give her a new house	خانه‌ای تازه به او می‌داد
le devolvería su alegría	she would give back her joy	شادی‌اش را بازمی‌گرداند
la llevaría lejos del pueblo	she would take her far from the town	او را از روستا دور می‌کرد
¿Con la ayuda de quiénes traería la abuela a Hul-Kin?	With the help of whom would the grandmother bring Hul-Kin back?	مادربزرگ با یاری چه کسی هول-کین را بازمی‌گرداند؟
la ayuda de los dioses y sus hechizos	the help of the gods and her spells	با یاری خدایان و جادوهایش
la ayuda del cacique	the help of the chief	با یاری رئیس
la ayuda de los sacerdotes	the help of the priests	با یاری کاهنان
la ayuda de los guerreros	the help of the warriors	با یاری جنگجویان
¿Desde cuándo escapó la alegría del alma de Sac-Nicte?	Since when did joy escape from the soul of Sac-Nicte?	از چه زمانی شادی از جان ساک-نیکته گریخت؟
Desde su separación	Since their separation	از جدایی‌شان
Desde el nacimiento de su hijo	Since the birth of her son	از زادن پسرش
Desde la muerte de su madre	Since the death of her mother	از مرگ مادرش
Desde la boda de su amado	Since the wedding of her beloved	از عروسی معشوقش
Un día, Sac-Nicte se enteró de que Hul-Kin se casaba. Tomó entonces una terrible decisión y la noche antes de la boda amarró una piedra a su larga cabellera y se arrojó a las aguas del cenote. En ese preciso momento, Hul-Kin sufrió un fuerte dolor en el pecho y tuvo un atroz presentimiento que lo obligó a regresar a Zací esa misma noche para averiguar qué había ocurrido. Al llegar, encontró a la hechicera llorando y maldiciendo enloquecida. Al enterarse de todo, Hul-Kin se arrojó al cenote para morir con su verdadero amor: Sac-Nicte. La hechicera se acercó al borde de la bóveda y, tirando una flor blanca, gritó sollozando: “Sac-Nicte, ¡te he cumplido! Te he traído a Hul-Kin, y ¡estará contigo para siempre!”. Finalmente, en un arranque de ira, la hechicera puso una maldición en el cenote: cada año, cuando el manto verde del agua se tornara oscuro, el cenote cobraría una vida en sacrificio por ese gran amor prohibido.	One day, Sac-Nicte learned that Hul-Kin was getting married. Then she took a terrible decision and, the night before the wedding, she tied a stone to her long hair and threw herself into the waters of the cenote. At that precise moment, Hul-Kin suffered a strong pain in the chest and had a dreadful presentiment that forced him to return to Zaci that same night to find out what had happened. On arriving, he found the sorceress weeping and cursing in a frenzy. On learning everything, Hul-Kin threw himself into the cenote to die with his true love: Sac-Nicte. The sorceress came close to the edge of the vault and, throwing a white flower, she cried out sobbing: Sac-Nicte, I have kept my word to you! I have brought you Hul-Kin, and he will be with you forever! Finally, in a fit of rage, the sorceress put a curse on the cenote: every year, when the green mantle of the water turns dark, the cenote would take a life as sacrifice for that great forbidden love.	روزی، ساک-نیکته فهمید که هول-کین عروسی می‌کند. آنگاه او تصمیمی وحشتناک گرفت و شب پیش از عروسی، سنگی به موهای بلندش بست و خود را به آب‌های سنوته افکند. در همان لحظهٔ دقیق، هول-کین درد شدیدی در سینه احساس کرد و پیش‌گویی هولناکی او را واداشت همان شب به زاسی بازگردد تا بفهمد چه رخ داده است. هنگام رسیدن، جادوگر را یافت که می‌گریست و از سر دیوانگی نفرین می‌فرستاد. هنگامی که از همه‌چیز آگاه شد، هول-کین خود را به سنوته افکند تا با عشق راستینش بمیرد: ساک-نیکته. جادوگر به لبهٔ گنبد نزدیک شد و، با انداختن گلی سفید، با هق‌هق فریاد زد: «ساک-نیکته، من به عهدم عمل کردم! هول-کین را برایت آوردم و او برای همیشه با تو خواهد بود!». در پایان، جادوگر در شعلهٔ خشم، نفرینی بر سنوته نهاد: هر سال، هنگامی که ردای سبز آب تیره شود، سنوته جانی را در قربان آن عشق بزرگ ممنوع خواهد ستاند.
¿Qué se enteró Sac-Nicte un día?	What did Sac-Nicte learn one day?	ساک-نیکته روزی چه چیزی فهمید؟
de que Hul-Kin se casaba	that Hul-Kin was getting married	که هول-کین عروسی می‌کند
de que Hul-Kin había muerto	that Hul-Kin had died	که هول-کین مرده است
de que el cacique había muerto	that the chief had died	که رئیس مرده است
de que su abuela estaba enferma	that her grandmother was sick	که مادربزرگش بیمار است
¿Qué decisión tomó Sac-Nicte?	What decision did Sac-Nicte take?	ساک-نیکته چه تصمیمی گرفت؟
una terrible decisión	a terrible decision	تصمیمی وحشتناک
una decisión sensata	a sensible decision	تصمیمی عاقلانه
una decisión de huir	a decision to flee	تصمیمی برای گریختن
una decisión de casarse	a decision to marry	تصمیمی برای ازدواج
¿Cuándo se arrojó Sac-Nicte a las aguas del cenote?	When did Sac-Nicte throw herself into the waters of the cenote?	ساک-نیکته چه زمانی خود را به آب‌های سنوته افکند؟
la noche antes de la boda	the night before the wedding	شب پیش از عروسی
la mañana de la boda	the morning of the wedding	صبح عروسی
durante la ceremonia	during the ceremony	در جریان مراسم
un año después de la boda	one year after the wedding	یک سال پس از عروسی
¿Qué amarró Sac-Nicte a su cabellera?	What did Sac-Nicte tie to her hair?	ساک-نیکته چه چیزی به موهایش بست؟
una piedra	a stone	سنگی
una flor blanca	a white flower	گلی سفید
una cinta de tela	a ribbon of cloth	روبان پارچه‌ای
una pluma de ave	a bird feather	پر پرنده
¿Qué sintió Hul-Kin en ese preciso momento?	What did Hul-Kin feel at that precise moment?	هول-کین در همان لحظهٔ دقیق چه چیزی احساس کرد؟
un fuerte dolor en el pecho	a strong pain in the chest	درد شدیدی در سینه
un fuerte deseo de viajar	a strong desire to travel	اشتیاقی بزرگ برای سفر
una gran alegría	a great joy	شادیی بزرگ
un profundo sueño	a deep sleep	خوابی ژرف
¿A dónde regresó Hul-Kin esa misma noche?	Where did Hul-Kin return to that same night?	هول-کین همان شب به کجا بازگشت؟
a Zací	to Zaci	به زاسی
al templo del sur	to the temple of the south	به معبد جنوب
a la casa del cacique	to the house of the chief	به خانهٔ رئیس
¿Qué encontró Hul-Kin al llegar a Zací?	What did Hul-Kin find on arriving to Zaci?	هول-کین هنگام رسیدن به زاسی چه یافت؟
a la hechicera llorando y maldiciendo enloquecida	the sorceress weeping and cursing in a frenzy	جادوگر را یافت که می‌گریست و از سر دیوانگی نفرین می‌فرستاد
a Sac-Nicte esperándolo en la plaza	Sac-Nicte waiting for him in the plaza	ساک-نیکته را که در میدان منتظرش بود
al cacique celebrando la boda	the chief celebrating the wedding	رئیس را که عروسی می‌گرفت
a la abuela preparando una fiesta	the grandmother preparing a party	مادربزرگ را که جشنی آماده می‌کرد
¿Por qué se arrojó Hul-Kin al cenote?	Why did Hul-Kin throw himself into the cenote?	هول-کین چرا خود را به سنوته افکند؟
para morir con su verdadero amor	to die with his true love	تا با عشق راستینش بمیرد
para rescatar a Sac-Nicte	to rescue Sac-Nicte	تا ساک-نیکته را نجات دهد
para escapar de la hechicera	to escape from the sorceress	تا از جادوگر بگریزد
para cumplir la maldición	to fulfill the curse	تا نفرین انجام شود
¿Quién era el verdadero amor de Hul-Kin?	Who was the true love of Hul-Kin?	عشق راستین هول-کین چه کسی بود؟
la princesa del sur	the princess of the south	شاهزادهٔ جنوب
¿Qué tiró la hechicera al borde de la bóveda?	What did the sorceress throw at the edge of the vault?	جادوگر چه چیزی بر لبهٔ گنبد انداخت؟
una vela encendida	a lit candle	شمعی روشن
una joya de jade	a jewel of jade	جواهری از زمرد
¿Cómo gritó la hechicera al tirar la flor?	How did the sorceress cry out when throwing the flower?	جادوگر هنگام انداختن گل چگونه فریاد زد؟
sollozando	sobbing	با هق‌هق
riendo	laughing	با خنده
cantando	singing	با آواز
susurrando	whispering	با پچ‌پچ
¿Qué le dijo la hechicera a Sac-Nicte?	What did the sorceress say to Sac-Nicte?	جادوگر به ساک-نیکته چه گفت؟
¡te he cumplido!	I have kept my word to you	من به عهدم عمل کردم
¡te he perdonado!	I have forgiven you	تو را بخشیدم
¡vuelve a casa!	come back home	به خانه بازگرد
¡te he olvidado!	I have forgotten you	تو را فراموش کردم
¿Qué puso la hechicera en el cenote?	What did the sorceress put on the cenote?	جادوگر چه چیزی بر سنوته نهاد؟
una maldición	a curse	نفرینی
un hechizo de protección	a spell of protection	جادویی برای حفاظت
una ofrenda de flores	an offering of flowers	پیشکشی از گل
una piedra sagrada	a sacred stone	سنگی مقدس
¿Cada cuánto tiempo cobraría una vida el cenote?	How often would the cenote take a life?	سنوته چه مدت یک جان خواهد ستاند؟
cada año	every year	هر سال
cada mes	every month	هر ماه
cada siglo	every century	هر سده
cada luna llena	every full moon	هر ماه کامل
¿Cuándo cobraría una vida el cenote según la maldición?	When would the cenote take a life, according to the curse?	بر اساس آن نفرین، سنوته چه زمانی جانی خواهد ستاند؟
cuando el manto verde del agua se tornara oscuro	when the green mantle of the water turns dark	هنگامی که ردای سبز آب تیره شود
cuando la luna cubriera el cenote	when the moon covered the cenote	هنگامی که ماه سنوته را بپوشاند
cuando llegaran los conquistadores	when the conquerors arrived	هنگامی که فاتحان رسیدند
cuando el agua se secara por completo	when the water dried up completely	هنگامی که آب کاملا خشک شد
¿Por qué amor se cobraría la vida en sacrificio?	For what love would a life be taken as sacrifice?	به سبب چه عشقی جانی در قربان گرفته خواهد شد؟
ese gran amor prohibido	that great forbidden love	آن عشق بزرگ ممنوع
ese amor de juventud	that love of youth	آن عشق جوانی
ese amor fraterno	that brotherly love	آن عشق برادرانه
ese amor sincero	that sincere love	آن عشق صادقانه
